Projekt;Roehre;Block;Gebirgsueberdeckung;Bemessungsbergwasserueberdeckung;Mittlere_Bergwasserueberdeckung;Wasserzutritte
1;1;6;21,66117647;19,87411765;27,71941176;0
1;1;7;27,05823529;25,24235294;20,70220588;0
1;1;8;32,86941176;31,05323529;14,89123529;0
1;1;9;38,49911765;36,86470588;9,624705882;0
1;1;10;45,21823529;39,04382353;5,811176471;0
1;1;11;52,11882353;39,40705882;3,087352941;0
1;1;12;59,02;38,96823529;1,765294118;0
1;1;13;66,83852941;37,95911765;1,135;0
1;1;14;74,78352941;37,455;1,387058824;0
1;1;15;81,84558824;36,82411765;2,27;0
1;1;16;88,78176471;38,33764706;2,143823529;0
1;1;17;101,7711765;37,455;2,900588235;0
1;1;18;108,5811765;37,32882353;2,143823529;0
1;1;19;114,5085294;36,95029412;2,396176471;0
1;1;20;118,7961765;37,58088235;2,396176471;0
1;1;21;122,4535294;37,95941176;2,522058824;0
1;1;22;125,7323529;37,95941176;2,900588235;0
1;1;23;128,3805882;38,08558824;2,648235294;0
1;1;24;129,6414706;38,08529412;3,026764706;0
1;1;25;130,9029412;38,33764706;3,026470588;0
1;1;26;132,4161765;38,46382353;3,026764706;0
1;1;27;134,4338235;38,84205882;2,522058824;0
1;1;28;134,9382353;39,09411765;2,144117647;0
1;1;29;133,8032353;39,09441176;2,017647059;0
1;1;30;132,6685294;38,46382353;2,395882353;0
1;1;31;130,7767647;38,46382353;3,657058824;0
1;1;32;128,5067647;37,70705882;3,909411765;0
1;1;33;127,1194118;37,70705882;4,413823529;0
1;1;34;126,1105882;37,70705882;3,657058824;0
1;1;35;124,5973529;37,45470588;3,531176471;0
1;1;36;122,9579412;37,455;3,783235294;0
1;1;37;120,8141176;37,455;4,792058824;0
1;1;38;119,1747059;37,83323529;4,287647059;0
1;1;39;117,1567647;37,455;4,918235294;0
1;1;40;115,1388235;38,21147059;4,792352941;0
1;1;41;113,4994118;38,58970588;4,413823529;0
1;1;42;112,1123529;38,33764706;4,413823529;0
1;1;43;110,5991176;38,46382353;4,035294118;0
1;1;44;109,0855882;38,58970588;4,035588235;0
1;1;45;109,2117647;38,46382353;2,900588235;0
1;1;46;108,2029412;38,59;1,513235294;0
1;1;47;107,8244118;39,34647059;1,261176471;0
1;1;48;107,5723529;39,34676471;1,891470588;0
1;1;49;107,8247059;39,34647059;1,765588235;0
1;1;50;107,6985294;39,725;1,765588235;0
1;1;51;106,3111765;38,96823529;2,27;0
1;1;52;105,9329412;39,59882353;1,513235294;0
1;1;53;106,185;40,35529412;0,252352941;0
1;1;54;104,4194118;39,85088235;1,261176471;0
1;1;55;103,915;39,72470588;0,882941176;2
1;1;56;102,5279412;39,34647059;0,252352941;0
1;1;57;101,3929412;38,08529412;0,756764706;0
1;1;58;101,3929412;38,58970588;-0,504411765;0
1;1;59;100,0058824;39,22058824;-1,009117647;0
1;1;60;99,50117647;39,72470588;-1,513235294;0
1;1;61;98,61852941;38,84205882;-0,756764706;0
1;1;62;97,98794118;38,71617647;-0,378529412;0
1;1;63;96,97911765;38,96823529;-0,756764706;0
1;1;64;96,34823529;38,84205882;-0,630588235;0
1;1;65;95,59176471;39,34647059;-1,639411765;0
1;1;66;94,45676471;39,22058824;-1,639411765;0
1;1;67;94,20470588;39,34647059;-1,765588235;0
1;1;68;93,82617647;39,85088235;-1,891470588;0
1;1;69;93,19558824;39,85088235;-2,27;0
1;1;70;92,94352941;39,97705882;-2,27;0
1;1;71;92,565;39,85088235;-1,891470588;0
1;1;72;92,69147059;40,22941176;-2,396176471;0
1;1;73;92,18676471;39,85088235;-2,648235294;0
1;1;74;92,43911765;39,59882353;-2,648529412;0
1;1;75;92,06058824;39,22029412;-2,143823529;0
1;1;76;92,06058824;39,22029412;-2,774411765;0
1;1;77;92,69117647;38,84205882;-2,774411765;0
1;1;78;92,43911765;38,59;-2,648235294;0
1;1;79;91,93470588;37,70705882;-2,017941176;0
1;1;80;92,06058824;36,95029412;-2,143823529;0
1;1;81;92,81735294;37,58117647;-3,152941176;0
1;1;82;93,57411765;38,21147059;-4,035588235;1
1;1;83;94,45676471;38,71588235;-5,044411765;1
1;1;84;94,33058824;38,71588235;-5,548823529;2
1;1;85;94,33058824;38,58970588;-5,927058824;1
1;1;86;94,20441176;39,34647059;-5,801176471;1
1;1;87;93,44794118;38,46352941;-6,305588235;0
1;1;88;92,69117647;38,46352941;-6,305588235;0
1;1;89;91,55617647;39,09411765;-5,927058824;0
1;1;90;90,79970588;39,09441176;-5,927352941;0
1;1;91;90,04264706;39,47235294;-6,305294118;0
1;1;92;89,79088235;39,725;-6,053529412;0
1;1;93;89,03382353;39,97676471;-6,305294118;0
1;1;94;88,27735294;39,85088235;-5,674705882;0
1;1;95;87,01617647;40,10323529;-5,801176471;0
1;1;96;86,76411765;40,35529412;-5,296764706;0
1;1;97;85,88147059;39,725;-5,296764706;0
1;1;98;84,74647059;39,85088235;-4,918235294;3
1;1;99;83,73735294;39,22029412;-3,909411765;0
1;1;100;83,35882353;39,09411765;-2,774411765;0
1;1;101;82,98088235;39,47264706;-2,017941176;1
1;1;102;82,47647059;39,34647059;-1,639411765;0
1;1;103;81,59352941;39,09411765;-0,630588235;0
1;1;104;80,58470588;38,08558824;0,504411765;0
1;1;105;79,82794118;37,95941176;1,135;3
1;1;106;80,08029412;37,95941176;1,135;0
1;1;107;79,44970588;37,95941176;1,513235294;0
1;1;108;79,32352941;37,95941176;1,891764706;0
1;1;109;79,44970588;38,21147059;2,522352941;0
1;1;110;80,08;38,33764706;3,026764706;0
1;1;111;80,33235294;38,33735294;3,909705882;1
1;1;112;80,20647059;38,59;4,287647059;1
1;1;113;79,57558824;38,96794118;4,414117647;0
1;1;114;80,08029412;39,09411765;5,296764706;0
1;1;115;80,58441176;39,59852941;5,422941176;0
1;1;116;80,20617647;39,97705882;5,044411765;0
1;1;117;80,20647059;39,34676471;5,422647059;0
1;1;118;78,44088235;38,08558824;6,179411765;0
1;1;119;78,31441176;38,46352941;7,062352941;0
1;1;120;78,18852941;39,09411765;6,557941176;0
1;1;121;77,55794118;39,47264706;7,188235294;1
1;1;122;76,80117647;39,59852941;7,818823529;0
1;1;123;76,54911765;39,97705882;7,440588235;0
1;1;124;75,28794118;40,10323529;8,071176471;3
1;1;125;73,52235294;40,10294118;9,710588235;0
1;1;126;71,88294118;38,84205882;10,84558824;0
1;1;127;69,61294118;38,58970588;11,98058824;0
1;1;128;68,47794118;38,58970588;11,85441176;0
1;1;129;65,70352941;38,46382353;12,10676471;0
1;1;130;63,55970588;37,95911765;12,86352941;0
1;1;131;62,55088235;37,20264706;13,99823529;0
1;1;132;61,41588235;37,20264706;14,12441176;0
1;1;133;60,02852941;37,70705882;14,37676471;0
1;1;134;59,14588235;37,83294118;14,37676471;3
1;1;135;57,75882353;38,46382353;14,88088235;0
1;1;136;57,12794118;38,96823529;14,37676471;0
1;1;137;55,23647059;38,46382353;14,88117647;0
1;1;138;54,85823529;39,34647059;13,87205882;0
1;1;139;53,21852941;39,34647059;14,25058824;0
1;1;140;50,31823529;39,59882353;14,37647059;0
1;1;141;46,03058824;40,60764706;14,12441176;0
1;1;142;44,89558824;39,09441176;15,25941176;0
1;1;143;46,535;39,85117647;15,51147059;0
1;1;144;44,01264706;39,725;15,51147059;0
1;1;145;38,71588235;40,22911765;15,51176471;0
1;1;146;41,23823529;40,10323529;15,89;0
1;1;147;43,50794118;39,97705882;17,15117647;1
1;1;148;46,78705882;38,71617647;18,53823529;0
1;1;149;47,66970588;39,34647059;18,66441176;1
1;1;150;45,52588235;39,59852941;18,79058824;0
1;1;151;54,47970588;39,34647059;19,04264706;0
1;1;152;58,76735294;39,22029412;19,42117647;0
1;1;153;62,42470588;39,09411765;19,42117647;0
1;1;154;67,84764706;38,96823529;19,54705882;0
1;1;155;73,01794118;38,71588235;20,43;0
1;1;156;76,92735294;39,59852941;20,17794118;0
1;1;157;76,92735294;39,47264706;20,17764706;0
1;1;158;76,04470588;39,22029412;21,94323529;2
1;1;159;75,66617647;39,59852941;22,44794118;0
1;1;160;75,41411765;39,22029412;22,44764706;0
1;1;161;73,52235294;39,09441176;22,82588235;1
1;1;162;72,38735294;39,97705882;22,32176471;0
1;1;163;57,12794118;39,47264706;22,7;0
1;1;164;56,49764706;39,34647059;23,96088235;0
1;1;165;57,50647059;39,22058824;24,21323529;0
1;1;166;63,93794118;39,59852941;24,08735294;0
1;1;167;67,59529412;39,97705882;23,70882353;0
1;1;168;68,056;38,309;36,507;0
1;1;169;70,76;39,211;35,606;6
1;1;170;73,916;39,212;36,056;1
1;1;171;77,81029412;39,47264706;25,85264706;1
1;1;172;80,96294118;40,35529412;25,72676471;0
1;1;173;83,61117647;39,09411765;26,23117647;0
1;1;174;86,89029412;38,96823529;27,23970588;0
1;1;175;87,77294118;37,32882353;28,375;0
1;1;176;83,23294118;37,20264706;29,51;0
1;1;177;74,02676471;37,07647059;29,76235294;0
1;1;178;73,52264706;37,07647059;30,51852941;0
1;1;179;75,54;37,83294118;29,88823529;0
1;1;180;78,945;38,33764706;30,01441176;0
1;1;181;75,91852941;39,09411765;30,14029412;3
1;1;182;86,25235294;39,36382353;29,51735294;0
1;1;183;101,1329412;39,23735294;29,26529412;0
1;1;184;102,7761765;39,23705882;30,88352941;1
1;1;185;104,675;40,12323529;30,50382353;0
1;1;186;105,3076471;39,99676471;30,88352941;0
1;1;187;105,8811765;40,75617647;30,63029412;0
1;1;188;105,5608824;40,37647059;30,63029412;0
1;1;189;105,8141176;40,62970588;31,01;5
1;1;190;105,0547059;39,61705882;31,89617647;6
1;1;191;105,1811765;38,85764706;33,03529412;6
1;1;192;104,9279412;38,47794118;33,66794118;6
1;1;193;105,1811765;38,09823529;35,06029412;0
1;1;194;105,6873529;37,71852941;35,06029412;0
1;1;195;106,4467647;37,71823529;35,56676471;0
1;1;196;107,3329412;38,35117647;35,56676471;2
1;1;197;108,7252941;38,85764706;35,18676471;0
1;1;198;109,6111765;39,61676471;34,93382353;0
1;1;199;109,971;39,211;38,31;3
1;1;200;110,423;39,662;38,309;16
1;1;201;111,324;39,662;38,76;1
1;1;202;112,1423529;40,12323529;35,44029412;0
1;1;203;113,5347059;40,62941176;35,44029412;1
1;1;204;114,0408824;40,88264706;35,69352941;0
1;1;205;113,4082353;40,62970588;35,81970588;0
1;1;206;114,2944118;41,51558824;35,69323529;0
1;1;207;113,2817647;40,37647059;36,83235294;0
1;1;208;113,6614706;40,88264706;36,32617647;0
1;1;209;114,5476471;41,51558824;36,95882353;0
1;1;210;113,9147059;41,13588235;37,33852941;0
1;1;211;114,2944118;41,00941176;37,08558824;3
1;1;212;114,0411765;42,52823529;36,95882353;0
1;1;213;112,9323529;41,37382353;38,32088235;0
1;1;214;112,6235294;40,64470588;39,26264706;0
1;1;215;112,8208824;40,46235294;38,27558824;0
1;1;216;112,6335294;40,24970588;39,92088235;0
1;1;217;111,4388235;39,36382353;41,11558824;0
1;1;218;111,8894118;39,49029412;41,64235294;0
1;1;219;111,2564706;40,24970588;41,51558824;0
1;1;220;110,6235294;38,98411765;42,14852941;0
1;1;221;109,6111765;38,47794118;43,41411765;0
1;1;222;108,8517647;38,47794118;44,04676471;1
1;1;223;107,2061765;38,47764706;44,04705882;0
1;1;224;107,2064706;38,60441176;44,3;0
1;1;225;107,0797059;38,60441176;44,17352941;0
1;1;226;106,4467647;38,09794118;44,80647059;1
1;1;227;105,8141176;38,22470588;45,18617647;2
1;1;228;105,8141176;38,85764706;44,55323529;0
1;1;229;104,5482353;38,85735294;44,80647059;0
1;1;230;103,6620588;38,47764706;44,42676471;1
1;1;231;103,2826471;38,47794118;44,42676471;0
1;1;232;103,5358824;39,36382353;43,54058824;1
1;1;233;101,6370588;38,85735294;43,66735294;0
1;1;234;101,2573529;38,73088235;43,66735294;0
1;1;235;101,859;38,761;50,028;0
1;1;236;101,408;39,662;50,479;22
1;1;237;100,957;39,211;50,93;0
1;1;238;100,056;39,211;52,281;0
1;1;239;100,056;39,211;51,38;0
1;1;240;99,155;38,76;51,831;25
1;1;241;99,606;39,211;51,831;0
1;1;242;97,33382353;39,74352941;41,00911765;0
1;1;243;96,06794118;38,73088235;41,51558824;0
1;1;244;95,43529412;39,36382353;40,88264706;0
1;1;245;94,04294118;39,23735294;40,50294118;0
1;1;246;93,41;39,23735294;39,49029412;1
1;1;247;92,01764706;38,98411765;39,11058824;0
1;1;248;89,86588235;37,97147059;39,99676471;0
1;1;249;89,86588235;39,23735294;39,11058824;0
1;1;250;88,72676471;39,36382353;38,85735294;0
1;1;251;87,84088235;39,61705882;37,845;0
1;1;252;85,81558824;38,98411765;37,46529412;0
1;1;253;84,80294118;38,60441176;37,70764706;0
1;1;254;82,90441176;38,60441176;37,845;0
1;1;255;81,51235294;38,47794118;37,845;0
1;1;256;80,49970588;38,60441176;37,21205882;0
1;1;257;79,36058824;38,60441176;36,19941176;0
1;1;258;78,60117647;38,60441176;36,70558824;0
1;1;259;76,95558824;37,845;37,59176471;0
1;1;260;75,56323529;37,845;37,46529412;0
1;1;261;74,67735294;37,71823529;37,08558824;0
1;1;262;74,17117647;37,97147059;36,70588235;0
1;1;263;73,53823529;37,97147059;36,19941176;0
1;1;264;73,285;38,85764706;34,68058824;0
1;1;265;73,285;39,23705882;34,42764706;0
1;1;266;72,27235294;39,74352941;34,17441176;0
1;1;267;71,89294118;39,49058824;33,54147059;0
1;1;268;71,63970588;39,11058824;33,28852941;0
1;1;269;69,86764706;39,11058824;33,66823529;1
1;1;270;69,48794118;39,74352941;33,54147059;1
1;1;271;68,34882353;38,98411765;33,66794118;0
1;1;272;68,09588235;38,98411765;33,28823529;0
1;1;273;67,46294118;38,47794118;33,54147059;0
1;1;274;67,33617647;38,47794118;33,54147059;0
1;1;275;67,20941176;38,85735294;33,66823529;1
1;1;276;66,70352941;39,36382353;32,78205882;0
1;1;277;66,70352941;38,60441176;32,78205882;0
1;1;278;66,70323529;39,36382353;32,40235294;0
1;1;279;65,94411765;39,23735294;32,27558824;0
1;1;280;65,43764706;39,23705882;32,02264706;0
1;1;281;64,67823529;38,85764706;32,40235294;0
1;1;282;64,67823529;39,36382353;31,51647059;0
1;1;283;64,29852941;38,98411765;31,51647059;0
1;1;284;64,80470588;38,98411765;31,38970588;0
1;1;285;65,05764706;38,73088235;31,89617647;0
1;1;286;65,05764706;39,11058824;30,63058824;0
1;1;287;64,80470588;38,60411765;31,26323529;1
1;1;288;64,67794118;38,60411765;30,88352941;1
1;1;289;64,29852941;38,98411765;30,75705882;0
1;1;290;63,91882353;38,85764706;30,63029412;1
1;1;291;63,15941176;38,73088235;30,75705882;0
1;1;292;63,28588235;38,98411765;29,87088235;0
1;1;293;62,90617647;39,11058824;29,36470588;0
1;1;294;62,14676471;38,73117647;29,99735294;0
1;1;295;61,51411765;37,59205882;30,50352941;0
1;1;296;61,64058824;38,35117647;28,73176471;0
1;1;297;59,61529412;38,35117647;29,23823529;0
1;1;298;58,47617647;38,35117647;29,11147059;0
1;1;299;58,22294118;38,85764706;28,985;0
1;1;300;57,17558824;38,19852941;29,39941176;0
1;1;301;55,37529412;37,89529412;29,30117647;0
1;1;302;57,24323529;38,52705882;28,70382353;0
1;1;303;55,79029412;38,63205882;28,42176471;0
1;1;304;54,52735294;38,31647059;28,42147059;0
1;1;305;53,685;38,10588235;28,73764706;0
1;1;306;52,21147059;38,21117647;28,63205882;0
1;1;307;51,36941176;38,21117647;27,79;0
1;1;308;50,63235294;38,63235294;28,00058824;0
1;1;309;49,36911765;38,31647059;28,21117647;0
1;1;310;48,63264706;37,89558824;28,21088235;0
1;1;311;47,58;38,52705882;26,94794118;0
1;1;312;46,94823529;38,63235294;27,36911765;0
1;1;313;45,57970588;38,63235294;26,63205882;0
1;1;314;44,73764706;38,63235294;26,52676471;0
1;1;315;43,36911765;37,89529412;26,94794118;0
1;1;316;41,47441176;37,15852941;27,26352941;0
1;1;317;40,94823529;37,36911765;26,00058824;0
1;1;318;40,21117647;37,36911765;25,68470588;0
1;1;319;38,73764706;37,26382353;24,52676471;0
1;1;320;37,79029412;34,94794118;25,26352941;0
1;1;321;36,84294118;35,685;24,94764706;0
1;1;322;35,89529412;34,10588235;24,94794118;0
1;1;323;35,36882353;33,89529412;24,42176471;0
1;1;324;34,00058824;32,63205882;24,63205882;0
1;1;325;33,05323529;31,15852941;23,895;0
1;1;326;32,00058824;29,79;24,00029412;0
1;1;327;30,63205882;29,05323529;24,10588235;0
1;1;328;31,05323529;28,10588235;22,63176471;0
1;1;329;31,15852941;27,47411765;22,42147059;0
1;1;330;30,63205882;27,36911765;22,63205882;0
1;1;331;30,10588235;25,26382353;22,94764706;0
1;1;332;28,84264706;24,21088235;22,73735294;0
1;1;333;28,10558824;24,00029412;22,63205882;0
1;1;334;27,79;22,84235294;22,63205882;0
1;1;335;26,73735294;22,73735294;22,21088235;0
1;1;336;25,26382353;22,00058824;23,15823529;0
1;1;337;24,52676471;20,00058824;23,78970588;0
1;1;338;23,89529412;19,57941176;23,68470588;0
1;1;339;22,42147059;18,00029412;22,84264706;0
1;1;340;20,57676471;17,06470588;23,10852941;0
1;1;341;18,66470588;15,92352941;23,44147059;0
1;1;342;17,95;14,98529412;23,13235294;0
1;2;6;13,166;10,533;30,05;0
1;2;7;17,038;15,025;23,08;0
1;2;8;22,15;20,911;16,729;0
1;2;9;28,656;27,107;10,532;0
1;2;10;35,781;33,148;6,195;0
1;2;11;42,752;38,879;2,788;0
1;2;12;48,947;38,879;0,62;0
1;2;13;53,904;37,95;0,774;0
1;2;14;59,635;37,175;0,93;0
1;2;15;66,14;37,02;0,775;0
1;2;16;74,969;36,71;1,549;0
1;2;17;83,643;37,02;1,704;0
1;2;18;91,388;37,949;1,859;0
1;2;19;96,035;37,33;2,633;0
1;2;20;101,301;37,794;2,634;0
1;2;21;105,483;37,949;0;0
1;2;22;110,596;37,795;2,323;0
1;2;23;114,468;37,795;2,014;0
1;2;24;118,495;37,794;2,788;0
1;2;25;122,367;37,794;2,943;0
1;2;26;124,536;37,794;2,479;0
1;2;27;126,24;38,104;2,943;0
1;2;28;126,859;38,879;2,633;0
1;2;29;127,324;39,188;3,098;0
1;2;30;127,634;39,033;2,943;0
1;2;31;127,788;38,723;2,789;0
1;2;32;126,86;38,414;1,549;0
1;2;33;125,31;37,33;2,324;0
1;2;34;124,381;38,569;2,479;0
1;2;35;122,213;38,569;3,408;0
1;2;36;121,593;38,104;3,408;0
1;2;37;119,734;37,64;3,253;0
1;2;38;117,566;37,33;3,718;0
1;2;39;116,791;37,484;3,563;0
1;2;40;114,158;37,64;4,182;0
1;2;41;111,989;37,639;4,337;0
1;2;42;109,976;37,175;4,492;0
1;2;43;108,736;37,02;5,112;1
1;2;44;106,878;37,33;5,112;0
1;2;45;106,258;37,329;5,731;0
1;2;46;105,948;37,639;4,802;0
1;2;47;105,639;37,949;3,718;0
1;2;48;105,793;37,949;3,563;0
1;2;49;108,39;39,769;3,718;2
1;2;50;105,596;39,26;3,097;0
1;2;51;105,597;40,614;2,169;2
1;2;52;105,145;42,419;2,788;0
1;2;53;103,47;40,583;1,394;0
1;2;54;102,695;43,061;1,549;0
1;2;55;102,386;46,159;1,859;0
1;2;56;101,302;44,765;1,239;0
1;2;57;100,683;39,344;1,394;0
1;2;58;100,062;38,104;0,93;0
1;2;59;99,134;37,485;1,084;0
1;2;60;98,669;37,64;0,619;0
1;2;61;98,514;38,259;0,619;0
1;2;62;98,669;38,569;0,155;0
1;2;63;96,19;38,104;0,31;0
1;2;64;95,881;37,64;0,619;0
1;2;65;95,261;37,795;-0,31;0
1;2;66;93,247;36,865;0,155;0
1;2;67;93,712;37,95;-0,929;0
1;2;68;92,782;37,02;-1,084;0
1;2;69;92,938;37,175;-0,775;0
1;2;70;92,473;37,64;-1,085;2
1;2;71;92,783;38,105;-1,24;0
1;2;72;92,938;38,104;-0,775;0
1;2;73;93,093;38,26;-1,24;0
1;2;74;92,782;38,724;-1,704;0
1;2;75;92,937;37,949;-1,703;0
1;2;76;93,712;38,105;-1,859;0
1;2;77;93,712;37,949;-2,014;0
1;2;78;94,642;38,879;-3,098;0
1;2;79;94,796;39,034;-3,408;0
1;2;80;94,796;39,034;-3,408;0
1;2;81;95,106;38,569;-3,562;0
1;2;82;94,951;38,723;-3,717;0
1;2;83;95,26;38,569;-3,872;0
1;2;84;94,486;38,569;-4,802;0
1;2;85;95,261;37,02;-3,872;0
1;2;86;94,951;37,484;-3,717;0
1;2;87;93,557;36,865;-4,492;0
1;2;88;91,853;37,02;-4,182;0
1;2;89;91,853;37,794;-4,337;0
1;2;90;91,079;37,33;-4,647;0
1;2;91;90,149;36,401;-4,492;0
1;2;92;88,29;36,091;-4,802;0
1;2;93;87,826;36,71;-4,182;0
1;2;94;86,897;36,865;-4,802;0
1;2;95;86,587;37,33;-3,872;0
1;2;96;85,038;37,949;-3,098;0
1;2;97;84,573;37,795;-3,098;0
1;2;98;84,728;38,259;-3,253;0
1;2;99;84,418;38,259;-2,633;0
1;2;100;83,644;38,569;-1,859;0
1;2;101;83,644;38,879;-1,859;0
1;2;102;82,714;38,724;-0,774;0
1;2;103;82,404;37,949;0,155;0
1;2;104;81,784;38,414;-0,309;0
1;2;105;80,856;37,95;0,31;0
1;2;106;80,856;38,569;0,31;0
1;2;107;81,011;39,034;0,154;0
1;2;108;80,701;39,034;0,464;0
1;2;109;80,701;39,344;0,929;0
1;2;110;80,236;39,189;1,084;0
1;2;111;81,165;39,498;1,084;0
1;2;112;81,94;39,498;1,549;0
1;2;113;81,94;39,498;2,788;0
1;2;114;81,475;39,498;4,647;0
1;2;115;81,166;38,569;4,647;0
1;2;116;80,546;38,259;5,422;0
1;2;117;79,616;38,259;6,506;0
1;2;118;79,307;38,26;7,125;0
1;2;119;78,997;37,95;7,28;0
1;2;120;78,521;38,809;8,055;1
1;2;121;77,618;39,261;7,9;20
1;2;122;76,715;38,809;8,829;25
1;2;123;75,813;38,809;9,603;2
1;2;124;74,815;38,414;9,913;1
1;2;125;74,195;38,724;10,997;0
1;2;126;72,181;37,794;11,772;0
1;2;127;70,632;36,865;11,618;0
1;2;128;69,946;39,26;12,392;3
1;2;129;67,69;38,809;11,927;3
1;2;130;66,14;38,104;12,392;0
1;2;131;65,83;38,104;11,927;0
1;2;132;65,211;38,724;12,082;1
1;2;133;63,507;38,414;13,011;0
1;2;134;61,958;37,949;13,166;0
1;2;135;59,944;38,414;13,476;3
1;2;136;58,551;37,795;15,18;0
1;2;137;55,608;36,711;16,573;3
1;2;138;53,594;36,401;16,729;0
1;2;139;53,13;36,866;16,109;0
1;2;140;51,89;37,175;16,264;0
1;2;141;50,031;37,175;16,419;0
1;2;142;46,934;37,795;17,038;0
1;2;143;45,385;38,26;16,419;1
1;2;144;47,398;38,723;16,265;2
1;2;145;46,624;38,415;16,573;0
1;2;146;44,92;37,794;16,729;0
1;2;147;44,145;37,484;17,968;2
1;2;148;45,849;37,33;17,813;0
1;2;149;48,327;37,64;18,433;1
1;2;150;50,032;38,105;17,038;0
1;2;151;51,89;38,414;17,658;3
1;2;152;53,904;37,949;18,587;1
1;2;153;56,382;38,259;18,897;0
1;2;154;59,48;38,104;19,517;0
1;2;155;62,888;39,499;19,981;3
1;2;156;65,211;39,034;20,601;0
1;2;157;67,379;37,949;20,756;3
1;2;158;70,168;38,415;20,91;2
1;2;159;73,111;38,415;22,15;1
1;2;160;75,124;39,033;21,221;3
1;2;161;76,673;38,414;21,84;0
1;2;162;78,997;37,949;21,995;0
1;2;163;80,856;39,653;21,685;0
1;2;164;81,165;38,569;22,46;0
1;2;165;79,617;38,569;22,614;0
1;2;166;59,015;39,343;22,15;0
1;2;167;64,08;39,26;23,08;5
1;2;168;65,434;39,26;23,079;2
1;2;169;102,438;38,358;23,389;0
1;2;170;64,901;38,879;24,473;1
1;2;171;66,14;38,414;24,938;0
1;2;172;66,605;37,485;25,867;0
1;2;173;69,549;38,26;25,557;0
1;2;174;73,42;38,569;25,558;0
1;2;175;73,575;38,569;26,487;0
1;2;176;75,589;37,949;26,642;0
1;2;177;76,054;38,105;27,106;0
1;2;178;75,744;37,795;27,261;1
1;2;179;75,899;39,189;26,796;0
1;2;180;78,997;38,879;27,881;0
1;2;181;88,6;37,639;28,501;1
1;2;182;83,643;38,259;28,966;1
1;2;183;102,438;37,907;28,811;2
1;2;184;104,243;38,358;29,43;22
1;2;185;110,56;39,712;29,43;1
1;2;186;103,935;38,414;29,12;0
1;2;187;105,329;38,724;29,12;1
1;2;188;103,78;38,259;30,359;4
1;2;189;104,245;38,569;30,359;0
1;2;190;103,315;38,259;30,825;0
1;2;191;103,006;38,104;32,218;0
1;2;192;103,16;37,02;32,528;0
1;2;193;103,625;36,865;32,992;0
1;2;194;104,245;37,02;33,148;0
1;2;195;105,793;36,71;33,767;0
1;2;196;107,652;37,485;33,767;0
1;2;197;111,463;40,163;33,922;2
1;2;198;112,365;39,26;33,303;17
1;2;199;109,666;37,795;34,386;22
1;2;200;115,073;38,809;35,781;0
1;2;201;111,525;38,104;0,31;1
1;2;202;112,454;37,95;35,471;0
1;2;203;113,229;38,259;35,781;0
1;2;204;113,383;38,569;36,091;1
1;2;205;114,468;39,344;35,161;0
1;2;206;114,622;38,259;36,556;0
1;2;207;115,552;39,653;36,556;0
1;2;208;115,073;39,712;38,104;2
1;2;209;115,976;39,712;38,26;21
1;2;210;116,427;41,066;38,879;2
1;2;211;114,313;38,415;39,343;1
1;2;212;113,693;37,329;40,118;4
1;2;213;113,384;37,33;40,737;2
1;2;214;113,384;37,175;40,737;1
1;2;215;115,975;37,02;40,892;9
1;2;216;117,329;41,065;41,202;20
1;2;217;113,268;38,809;41,357;0
1;2;218;112,919;37,64;41,821;0
1;2;219;111,835;37,33;42,131;1
1;2;220;112,817;37,907;42,906;1
1;2;221;112,366;37,907;42,597;23
1;2;222;110,56;38,358;41,667;0
1;2;223;110,596;37,485;42,286;2
1;2;224;110,441;37,64;42,596;1
1;2;225;110,109;38,809;42,906;8
1;2;226;109,658;38,809;42,596;20
1;2;227;103,791;38,357;43,216;2
1;2;228;107,653;37,33;43,68;0
1;2;229;106,878;37,33;43,835;1
1;2;230;107,343;37,949;43,99;1
1;2;231;106,878;37,639;44,145;0
1;2;232;105,793;37,329;44,61;0
1;2;233;104,865;38,26;44,145;0
1;2;234;104,09;38,105;43,37;1
1;2;235;104,242;38,809;43,836;3
1;2;236;103,791;38,357;43,526;10
1;2;237;102,889;38,358;43,99;0
1;2;238;101,535;38,358;43,216;0
1;2;239;101,535;38,809;42,906;3
1;2;240;100,181;38,357;42,751;18
1;2;241;70,849;39,26;43,061;1
1;2;242;99,443;37,33;42,131;1
1;2;243;98,204;38,259;41,357;1
1;2;244;97,275;38,414;41,202;0
1;2;245;96,19;38,104;41,203;0
1;2;246;94,641;37,175;41,202;2
1;2;247;94,642;37,795;40,582;0
1;2;248;92,937;37,175;39,963;0
1;2;249;92,318;37,795;39,343;0
1;2;250;91,543;37,175;39,653;0
1;2;251;90,614;37,484;38,879;3
1;2;252;89,994;37,485;39,808;4
1;2;253;87,671;37,33;40,118;4
1;2;254;86,896;37,329;39,809;0
1;2;255;85,657;36,865;39,189;2
1;2;256;83,334;37,175;38,724;3
1;2;257;83,024;37,795;37,949;1
1;2;258;81,63;37,175;37,175;0
1;2;259;81,785;37,95;36,245;0
1;2;260;79,771;37,794;36,556;0
1;2;261;79,616;37,794;35,781;0
1;2;262;78,687;37,795;35,781;1
1;2;263;76,828;37,64;35,626;0
1;2;264;76,208;37,949;35,471;1
1;2;265;75,899;38,569;34,232;1
1;2;266;74,35;38,104;34,852;0
1;2;267;73,575;36,555;35,161;0
1;2;268;72,646;36,4;35,626;0
1;2;269;71,871;37,484;35,007;1
1;2;270;70,398;38,809;33,923;6
1;2;271;69,495;38,357;33,922;6
1;2;272;70,849;39,712;34,697;4
1;2;273;69,946;38,358;34,232;1
1;2;274;69,495;38,809;33,458;0
1;2;275;69,494;38,358;32,838;3
1;2;276;67,69;37,485;32,992;1
1;2;277;67,999;37,64;33,302;1
1;2;278;67,07;37,485;32,838;0
1;2;279;66,141;37,175;33,612;0
1;2;280;66,141;37,485;32,528;0
1;2;281;65,986;37,64;32,528;0
1;2;282;66,915;37,175;32,063;0
1;2;283;67,07;37,639;32,064;0
1;2;284;66,76;37,64;31,908;0
1;2;285;66,451;37,33;31,288;0
1;2;286;66,914;39,033;30,36;0
1;2;287;67,225;38,104;30,824;0
1;2;288;66,915;37,794;30,515;0
1;2;289;66,451;38,569;31,134;0
1;2;290;66,606;37,485;30,514;0
1;2;291;66,141;37,795;30,359;0
1;2;292;66,605;38,259;29,74;0
1;2;293;69,238;38,104;29,43;0
1;2;294;65,365;37,174;30,36;0
1;2;295;65,211;37,02;29,121;0
1;2;296;64,282;37,64;29,74;0
1;2;297;63,042;37,949;29,74;0
1;2;298;62,113;37,639;29,121;0
1;2;299;61,959;37,64;28,655;0
1;2;300;60,41;37,795;27,726;0
1;2;301;59,48;37,64;28,501;0
1;2;302;57,466;36,865;29,121;0
1;2;303;56,537;36,246;29,585;0
1;2;304;56,692;37,175;28,655;0
1;2;305;55,143;36,4;28,346;0
1;2;306;54,833;37,485;28,501;0
1;2;307;54,058;37,639;28,501;0
1;2;308;52,665;37,485;27,881;0
1;2;309;51,115;36,865;28,191;0
1;2;310;50,341;37,485;28,036;0
1;2;311;49,876;37,485;27,726;0
1;2;312;49,876;38,259;26,797;0
1;2;313;47,398;37,64;26,642;0
1;2;314;47,862;38,414;26,488;0
1;2;315;44,61;36,865;27,572;0
1;2;316;44,61;37,794;27,107;0
1;2;317;42,597;37,485;26,796;0
1;2;318;42,906;38,569;25,868;0
1;2;319;41,358;37,795;25,093;0
1;2;320;40,893;37,485;25,093;0
1;2;321;39,963;37,485;24,009;0
1;2;322;38,724;36,71;24,784;0
1;2;323;37,794;37,02;24,784;0
1;2;324;35,471;34,077;25,248;0
1;2;325;34,387;33,922;24,473;0
1;2;326;33,767;32,373;24,009;0
1;2;327;33,457;32,528;23,39;0
1;2;328;33,148;31,444;23,544;0
1;2;329;32,218;29,895;23,234;0
1;2;330;31,754;30,36;21,995;0
1;2;331;30,359;28,345;23,39;0
1;2;332;30,515;26,333;23,234;0
1;2;333;30,205;26,332;23,079;0
1;2;334;29,275;25,558;22,925;0
1;2;335;29,43;24,938;22,15;0
1;2;336;26,952;22,924;24,164;0
1;2;337;26,177;22,769;23,699;0
1;2;338;26,177;21,685;23,544;0
1;2;339;25,093;21,221;23,389;0
1;2;340;23,234;20,601;23,544;0
1;2;341;20,432;19,503;23,713;0
1;2;342;18,996;18,222;24,684;0
2;1;1;14,6;;-11,477;0
2;1;2;16,197;;-11,141;0
2;1;3;17,826;;-10,841;0
2;1;4;19,54;;-10,541;0
2;1;5;21,126;;-10,155;0
2;1;6;22,71;;-9,813;0
2;1;7;24,554;;-9,598;0
2;1;8;25,538;;-8,956;0
2;1;9;27,124;;-8,356;0
2;1;10;28,153;;-7,713;0
2;1;11;29,267;;-7,199;0
2;1;12;30,381;;-6,685;0
2;1;13;31,548;;-6,002;0
2;1;14;32,535;;-5,529;0
2;1;15;30,777;;-4,886;0
2;1;16;34,12;;-4,287;0
2;1;17;34,592;;-3,686;0
2;1;18;35,192;;-3,129;0
2;1;19;35,75;;-2,572;0
2;1;20;36,264;;-2,014;0
2;1;21;36,735;;-1,457;0
2;1;22;36,949;;-1,072;0
2;1;23;37,335;;-0,472;0
2;1;24;37,936;;0,257;0
2;1;25;38,064;;0,9;0
2;1;26;38,407;;1,415;0
2;1;27;38,407;;1,886;0
2;1;28;38,707;;2,529;0
2;1;29;39,007;;3,086;0
2;1;30;39,264;;3,687;0
2;1;31;39,479;;4,287;0
2;1;32;39,865;;4,887;0
2;1;33;40,079;;5,444;0
2;1;34;40,122;;6,044;0
2;1;35;40,122;;6,601;0
2;1;36;40,165;;7,116;0
2;1;37;40,336;;7,587;0
2;1;38;40,422;;8,23;0
2;1;39;40,55;;8,916;0
2;1;40;40,593;;9,43;0
2;1;41;40,721;;9,859;0
2;1;42;41,022;;10,373;0
2;1;43;41,236;;11,059;0
2;1;44;41,321;;11,573;0
2;1;45;41,322;;12,216;0
2;1;46;41,45;;12,945;0
2;1;47;41,45;;13,417;0
2;1;48;41,536;;14,017;0
2;1;49;41,408;;14,617;0
2;1;50;41,236;;14,145;0
2;1;51;41,15;;12,645;0
2;1;52;40,978;;11,187;0
2;1;53;40,98;;9,885;0
2;1;54;40,773;;8,494;0
2;1;55;40,619;;7,362;0
2;1;56;40,259;;6,59;0
2;1;57;40,053;;6,744;0
2;1;58;39,745;;6,796;0
2;1;59;39,538;;6,898;0
2;1;60;39,177;;6,898;0
2;1;61;38,818;;7,053;0
2;1;62;38,302;;7,156;0
2;1;63;37,89;;7,413;0
2;1;64;37,17;;7,156;0
2;1;65;36,5;;7,259;0
2;1;66;36,089;;7,31;0
2;1;67;35,368;;7,414;0
2;1;68;35,059;;7,516;0
2;1;69;34,442;;7,671;0
2;1;70;33,926;;7,773;0
2;1;71;33,309;;7,774;0
2;1;72;32,64;;7,877;0
2;1;73;31,919;;7,929;0
2;1;74;31,146;;8,082;0
2;1;75;30,94;;8,391;0
2;1;76;31,147;;8,34;0
2;1;77;31,507;;8,443;0
2;1;78;31,558;;8,494;0
2;1;79;32,279;;8,495;0
2;1;80;32,588;;8,597;0
2;1;81;32,743;;8,701;0
2;1;82;33;;8,855;0
2;1;83;31,455;;8,751;0
2;1;84;31,198;;8,907;0
2;1;85;34,287;;9,061;0
2;1;86;36,912;;9,061;0
2;1;87;37,891;;9,215;0
2;1;88;38,714;;9,318;0
2;1;89;39,641;;9,421;0
2;1;90;40,568;;9,627;0
2;1;91;40,774;;9,628;0
2;1;92;41,237;;9,73;0
2;1;93;41,534;;9,624;0
2;1;94;41,843;;9,728;0
2;1;95;42,203;;9,676;0
2;1;96;42,358;;9,882;0
2;1;97;40,402;;9,882;0
2;1;98;41,431;;10,036;0
2;1;99;43,181;;9,984;0
2;1;100;43,747;;9,881;0
2;1;101;44,777;;9,985;0
2;1;102;45,6;;9,985;0
2;1;103;46,475;;9,882;0
2;1;104;47,453;;9,933;0
2;1;105;48,277;;9,831;0
2;1;106;48,946;;9,779;0
2;1;107;49,872;;9,779;0
2;1;108;50,439;;9,728;0
2;1;109;50,953;;9,831;0
2;1;110;51,623;;9,831;0
2;1;111;52,188;;9,882;0
2;1;112;52,343;;9,625;0
2;1;113;52,651;;9,676;0
2;1;114;52,652;;9,47;0
2;1;115;52,857;;9,418;0
2;1;116;53,011;;9,418;0
2;1;117;53,063;;9,367;0
2;1;118;53,012;;9,47;0
2;1;119;52,961;;9,316;0
2;1;120;52,96;;9,367;0
2;1;121;52,857;;9,213;0
2;1;122;52,651;;9,212;0
2;1;123;52,394;;9,058;0
2;1;124;52,085;;9,11;0
2;1;125;51,982;;8,904;0
2;1;126;51,828;;8,955;0
2;1;127;51,416;;8,75;0
2;1;128;51,107;;8,749;0
2;1;129;50,49;;8,698;0
2;1;130;49,615;;8,698;0
2;1;131;48,843;;8,749;0
2;1;132;48,483;;8,595;0
2;1;133;47,879;;8,546;0
2;1;134;47,416;;8,649;0
2;1;135;46,078;;8,598;0
2;1;136;44,842;;8,443;0
2;1;137;45,1;;8,444;0
2;1;138;45,254;;8,289;0
2;1;139;46,695;;8,289;0
2;1;140;48,548;;8,34;0
2;1;141;51,174;;8,289;0
2;1;142;52,822;;8,237;0
2;1;143;54,315;;8,083;0
2;1;144;55,602;;8,083;0
2;1;145;56,734;;7,928;0
2;1;146;57,816;;7,98;0
2;1;147;58,897;;7,774;0
2;1;148;59,823;;7,774;0
2;1;149;60,648;;7,671;0
2;1;150;61,265;;7,466;0
2;1;151;62,243;;7,517;0
2;1;152;62,757;;7,413;0
2;1;153;63,685;;7,62;0
2;1;154;64,303;;7,414;0
2;1;155;64,92;;7,516;0
2;1;156;65,383;;7,31;0
2;1;157;65,744;;7,311;0
2;1;158;66,002;;7,311;0
2;1;159;66,259;;7,105;0
2;1;160;66,413;;7,104;0
2;1;161;66,722;;7,001;0
2;1;162;67,134;;7,002;0
2;1;163;67,34;;7,104;0
2;1;164;67,495;;7,002;0
2;1;165;67,752;;7,053;0
2;1;166;67,701;;6,899;0
2;1;167;67,907;;6,642;0
2;1;168;67,855;;6,538;0
2;1;169;67,855;;6,59;0
2;1;170;67,957;;6,641;0
2;1;171;68,112;;6,744;0
2;1;172;67,957;;6,59;0
2;1;173;67,879;;6,432;0
2;1;174;67,931;;6,433;0
2;1;175;67,931;;6,485;0
2;1;176;67,982;;6,278;0
2;1;177;67,879;;6,124;0
2;1;178;67,931;;6,227;0
2;1;179;67,725;;6,072;0
2;1;180;67,623;;5,97;0
2;1;181;67,313;;5,97;0
2;1;182;67,056;;6,021;0
2;1;183;66,542;;5,867;0
2;1;184;66,129;;5,712;0
2;1;185;65,873;;5,661;0
2;1;186;65,975;;5,558;0
2;1;187;66,232;;5,609;0
2;1;188;66,49;;5,507;0
2;1;189;67,056;;5,609;0
2;1;190;67,776;;5,455;0
2;1;191;68,703;;5,506;0
2;1;192;69,681;;5,353;0
2;1;193;70,709;;5,094;0
2;1;194;71,894;;5,146;0
2;1;195;72,872;;5,147;0
2;1;196;73,592;;5,095;0
2;1;197;74,364;;5,043;0
2;1;198;75,084;;4,889;0
2;1;199;75,804;;4,94;0
2;1;200;76,114;;4,838;0
2;1;201;76,474;;4,838;0
2;1;202;77,039;;4,889;0
2;1;203;77,4;;4,683;0
2;1;204;77,863;;4,837;0
2;1;205;78,069;;4,58;0
2;1;206;78,172;;4,58;0
2;1;207;78,378;;4,528;0
2;1;208;78,635;;4,58;0
2;1;209;78,686;;4,58;0
2;1;210;78,687;;4,529;0
2;1;211;78,532;;4,271;0
2;1;212;78,686;;4,323;0
2;1;213;78,892;;4,374;0
2;1;214;78,995;;4,374;0
2;1;215;79,51;;4,117;0
2;1;216;79,922;;4,014;0
2;1;217;79,865;;4,568;0
2;1;218;80,89;;4,568;0
2;1;219;81,506;;4,465;0
2;1;220;82,071;;4,363;0
2;1;221;82,585;;4,209;0
2;1;222;83,149;;4,158;0
2;1;223;83,662;;4,106;0
2;1;224;84,226;;4,054;0
2;1;225;84,689;;4,004;0
2;1;226;85,305;;4,004;0
2;1;227;85,767;;3,901;0
2;1;228;86,383;;3,901;0
2;1;229;86,794;;3,798;0
2;1;230;87,204;;3,85;0
2;1;231;87,563;;3,747;0
2;1;232;87,717;;3,542;0
2;1;233;88,23;;3,695;0
2;1;234;88,384;;3,49;0
2;1;235;88,641;;3,49;0
2;1;236;88,641;;3,336;0
2;1;237;89;;3,388;0
2;1;238;89;;3,284;0
2;1;239;89;;3,336;0
2;1;240;88,795;;3,285;0
2;1;241;88,744;;3,234;0
2;1;242;88,538;;3,182;0
2;1;243;88,333;;3,028;0
2;1;244;88,025;;2,926;0
2;1;245;87,819;;2,977;0
2;1;246;87,511;;2,874;0
2;1;247;87,255;;2,823;0
2;1;248;86,948;;2,772;0
2;1;249;86,691;;2,669;0
2;1;250;86,228;;2,823;0
2;1;251;85,562;;2,72;0
2;1;252;85,099;;2,669;0
2;1;253;84,718;;2,609;0
2;1;254;84,204;;2,566;0
2;1;255;83,776;;2,437;0
2;1;256;83,178;;2,352;0
2;1;257;82,708;;2,352;0
2;1;258;79,158;;2,437;0
2;1;259;74,924;;2,266;0
2;1;260;74,753;;2,138;0
2;1;261;74,539;;2,053;0
2;1;262;74,539;;2,095;0
2;1;263;80,698;;2,01;0
2;1;264;81,938;;2,053;0
2;1;265;82,365;;1,924;0
2;1;266;82,323;;1,839;0
2;1;267;82,323;;1,839;0
2;1;268;82,151;;1,796;0
2;1;269;82,023;;1,796;0
2;1;270;81,767;;1,583;0
2;1;271;81,425;;1,497;0
2;1;272;80,826;;1,582;0
2;1;273;79,628;;1,582;0
2;1;274;77,96;;1,496;0
2;1;275;76,379;;1,497;0
2;1;276;73,855;;1,326;0
2;1;277;71,332;;1,326;0
2;1;278;68,937;;1,197;0
2;1;279;66,329;;1,24;0
2;1;280;64,319;;1,112;0
2;1;281;62,18;;1,069;0
2;1;282;60,299;;1,069;0
2;1;283;58,118;;1,112;0
2;1;284;56,108;;0,899;0
2;1;285;54,311;;0,94;0
2;1;286;52,43;;0,898;0
2;1;287;50,035;;0,898;0
2;1;288;47,983;;0,727;0
2;1;289;45,844;;0,769;0
2;1;290;43,834;;0,727;0
2;1;291;43,791;;0,77;0
2;1;292;44,219;;0,599;0
2;1;293;44,514;;0,462;0
2;1;294;45,027;;0,462;0
2;1;295;44,873;;0,513;0
2;1;296;44,513;;0,564;0
2;1;297;44,411;;0,359;0
2;1;298;43,385;;0,308;0
2;1;299;42,104;;0,205;0
2;1;300;40,719;;0,102;0
2;1;301;39,745;;-0,102;0
2;1;302;39,077;;-0,103;0
2;1;303;38,462;;-0,103;0
2;1;304;37,949;;-0,154;0
2;1;305;37,436;;-0,103;0
2;1;306;36,718;;-0,308;0
2;1;307;36,155;;-0,205;0
2;1;308;35,539;;-0,256;0
2;1;309;34,975;;-0,256;0
2;1;310;33,796;;-0,308;0
2;1;311;32,975;;-0,41;0
2;1;312;32,36;;-0,41;0
2;1;313;31,591;;-0,461;0
2;1;314;30,667;;-0,615;0
2;1;315;30;;-0,616;0
2;1;316;29,18;;-0,564;0
2;1;317;28,206;;-0,615;0
2;1;318;26,975;;-0,769;0
2;1;319;25,949;;-0,872;0
2;1;320;26,103;;-0,769;0
2;1;321;26,206;;-0,564;0
2;1;322;26,257;;-0,256;0
2;1;323;25,693;;-0,154;0
2;1;324;27,129;;0,154;0
2;1;325;26,667;;0,359;0
2;1;326;26,872;;0,667;0
2;1;327;25,693;;0,718;0
2;1;328;24,462;;0,975;0
2;1;329;24,565;;1,231;0
2;1;330;24,155;;1,385;0
2;1;331;23,795;;1,025;0
2;1;332;22,821;;0,41;0
2;1;333;21,507;;-0,128;0
2;1;334;20,309;;-0,3;0
2;1;335;19,454;;0,513;0
2;1;336;18,428;;1,326;0
2;1;337;16,846;;2,052;0
2;1;338;16,675;;2,993;0
2;1;339;19,112;;3,207;0
2;1;340;21,507;;3,293;0
2;1;341;25,184;;3,335;0
2;1;342;28,818;;3,42;0
2;1;343;28,946;;3,421;0
2;1;344;28,989;;3,335;0
2;1;345;28,86;;3,377;0
2;1;346;28,861;;3,42;0
2;1;347;28,946;;3,377;0
2;1;348;33,05;;3,463;0
2;1;349;36,385;;3,42;0
2;1;350;39,508;;3,464;1
2;1;351;41,303;;3,421;4
2;1;352;42,8;;3,421;0
2;1;353;43,355;;3,463;8
2;1;354;42,8;;3,506;5
2;1;355;41,945;;3,549;3
2;1;356;40,534;;3,549;3
2;1;357;39,721;;3,634;2
2;1;358;39,849;;3,677;8
2;1;359;40,02;;3,72;2
2;1;360;43,056;;4,276;2
2;1;361;46,135;;4,917;1
2;1;362;48,999;;5,388;7
2;1;363;51,778;;5,986;3
2;1;364;54,13;;6,585;2
2;1;365;56,823;;7,183;1
2;1;366;59,432;;7,739;0
2;1;367;62,297;;8,338;1
2;1;368;64,819;;8,936;2
2;1;369;67,556;;9,321;2
2;1;370;70,207;;10,048;1
2;1;371;72,815;;10,518;1
2;1;372;74,781;;11,031;1
2;1;373;76,824;;11,671;1
2;1;374;78,962;;12,184;6
2;1;375;80,202;;12,868;0
2;1;376;81,399;;13,381;2
2;1;377;82,596;;13,937;0
2;1;378;83,408;;14,493;5
2;1;379;83,664;;15,048;0
2;1;380;83,964;;15,305;2
2;1;381;83,964;;15,477;3
2;1;382;82,682;;15,605;7
2;1;383;81,314;;15,776;1
2;1;384;79,39;;15,947;0
2;1;385;77,551;;16,074;4
2;1;386;75,713;;16,161;3
2;1;387;73,703;;16,288;1
2;1;388;71,523;;16,459;2
2;1;389;69,257;;16,587;2
2;1;390;66,693;;16,545;1
2;1;391;64,769;;15,776;1
2;1;392;63,444;;15,263;2
2;1;393;62,588;;14,749;2
2;1;394;61,647;;14,065;1
2;1;395;59,339;;13,681;4
2;1;396;55,919;;13,339;2
2;1;397;54,508;;13,039;3
2;1;398;53,097;;12,783;3
2;1;399;51,729;;12,526;0
2;1;400;50,917;;12,27;0
2;1;401;50,019;;11,927;0
2;1;402;49,292;;11,714;0
2;1;403;48,523;;11,5;0
2;1;404;47,668;;11,286;0
2;1;405;48,78;;10,987;0
2;1;406;50,404;;10,773;0
2;1;407;52,028;;10,517;0
2;1;408;53,952;;10,26;0
2;1;409;56,004;;9,875;0
2;1;410;58,142;;9,79;0
2;1;411;60,194;;9,534;0
2;1;412;61,99;;9,277;0
2;1;413;63,955;;8,983;0
2;1;414;64,467;;8,725;0
2;1;415;64,826;;8,366;0
2;1;416;65,185;;8,212;0
2;1;417;65,442;;7,904;0
2;1;418;65,579;;7,656;0
2;1;419;65,784;;7,357;0
2;1;420;65,828;;7,058;0
2;1;421;65,657;;6,93;0
2;1;422;65,315;;6,63;0
2;1;423;64,416;;6,287;0
2;1;424;63,646;;6,074;0
2;1;425;62,705;;5,817;0
2;1;426;61,978;;5,689;0
2;1;427;60,866;;5,432;0
2;1;428;59,497;;5,261;0
2;1;429;58,685;;4,877;0
2;1;430;58,257;;4,62;0
2;1;431;58,3;;4,32;0
2;1;432;58,685;;4,149;0
2;1;433;58,941;;3,807;0
2;1;434;59,454;;3,978;0
2;1;435;59,54;;4,491;0
2;1;436;59,027;;4,876;0
2;1;437;58,3;;5,304;0
2;1;438;57,701;;5,689;0
2;1;439;55,006;;6,159;0
2;1;440;52,697;;6,374;0
2;1;441;50,601;;6,587;0
2;1;442;49,745;;6,63;0
2;1;443;49,403;;6,587;0
2;1;444;48,975;;6,544;0
2;1;445;47,692;;6,416;0
2;1;446;46,537;;6,373;0
2;1;447;45,168;;6,245;0
2;1;448;43,885;;5,946;0
2;1;449;42,901;;5,988;0
2;1;450;41,704;;5,86;0
2;1;451;40,763;;5,903;0
2;1;452;39,907;;5,688;0
2;1;453;39,504;;5,68;0
2;1;454;38,863;;5,338;0
2;1;455;38,052;;5,296;0
2;1;456;36,984;;5,253;0
2;1;457;35,532;;5,21;0
2;1;458;34,677;;4,911;0
2;1;459;34,336;;4,655;0
2;1;460;33,909;;4,569;0
2;1;461;32,628;;4,357;0
2;1;462;31,688;;4,142;0
2;1;463;31,561;;4,271;0
2;1;464;30,364;;4,398;0
2;1;465;27,76;;4,655;0
2;1;466;26,136;;4,783;0
2;1;467;25,496;;4,954;0
2;1;468;25,282;;5,21;0
2;1;469;25,155;;5,253;0
2;1;470;24,428;;5,467;0
2;1;471;16,229;;5,466;0
2;1;472;10,506;;5,509;0
2;1;473;10,164;;5,552;0
2;1;474;7,217;;5,552;0
2;1;475;6,534;;5,466;0
2;1;476;6,662;;5,595;0
2;2;1;16,197;;-11,141;0
2;2;2;17,826;;-10,841;0
2;2;3;19,54;;-10,541;0
2;2;4;21,126;;-10,155;0
2;2;5;22,71;;-9,813;0
2;2;6;24,554;;-9,598;0
2;2;7;25,538;;-8,956;0
2;2;8;27,124;;-8,356;0
2;2;9;28,153;;-7,713;0
2;2;10;29,267;;-7,199;0
2;2;11;30,381;;-6,685;0
2;2;12;31,548;;-6,002;0
2;2;13;32,535;;-5,529;0
2;2;14;30,777;;-4,886;0
2;2;15;34,12;;-4,287;0
2;2;16;34,592;;-3,686;0
2;2;17;35,192;;-3,129;0
2;2;18;35,75;;-2,572;0
2;2;19;36,264;;-2,014;0
2;2;20;36,735;;-1,457;0
2;2;21;36,949;;-1,072;0
2;2;22;37,335;;-0,472;0
2;2;23;37,936;;0,257;0
2;2;24;38,064;;0,9;0
2;2;25;38,407;;1,415;0
2;2;26;38,407;;1,886;0
2;2;27;38,707;;2,529;0
2;2;28;39,007;;3,086;0
2;2;29;39,264;;3,687;0
2;2;30;39,479;;4,287;0
2;2;31;39,865;;4,887;0
2;2;32;40,079;;5,444;0
2;2;33;40,122;;6,044;0
2;2;34;40,122;;6,601;0
2;2;35;40,165;;7,116;0
2;2;36;40,336;;7,587;0
2;2;37;40,422;;8,23;0
2;2;38;40,55;;8,916;0
2;2;39;40,593;;9,43;0
2;2;40;40,721;;9,859;0
2;2;41;41,022;;10,373;0
2;2;42;41,236;;11,059;0
2;2;43;41,321;;11,573;0
2;2;44;41,322;;12,216;0
2;2;45;41,45;;12,945;0
2;2;46;41,45;;13,417;0
2;2;47;41,536;;14,017;0
2;2;48;41,408;;14,617;0
2;2;49;41,236;;14,145;0
2;2;50;41,15;;12,645;0
2;2;51;40,978;;11,187;0
2;2;52;40,98;;9,885;0
2;2;53;40,773;;8,494;0
2;2;54;40,619;;7,362;0
2;2;55;40,259;;6,59;0
2;2;56;40,053;;6,744;0
2;2;57;39,745;;6,796;0
2;2;58;39,538;;6,898;0
2;2;59;39,177;;6,898;0
2;2;60;38,818;;7,053;0
2;2;61;38,302;;7,156;0
2;2;62;37,89;;7,413;0
2;2;63;37,17;;7,156;0
2;2;64;36,5;;7,259;0
2;2;65;36,089;;7,31;0
2;2;66;35,368;;7,414;0
2;2;67;35,059;;7,516;0
2;2;68;34,442;;7,671;0
2;2;69;33,926;;7,773;0
2;2;70;33,309;;7,774;0
2;2;71;32,64;;7,877;0
2;2;72;31,919;;7,929;0
2;2;73;31,146;;8,082;0
2;2;74;30,94;;8,391;0
2;2;75;31,147;;8,34;0
2;2;76;31,507;;8,443;0
2;2;77;31,558;;8,494;0
2;2;78;32,279;;8,495;0
2;2;79;32,588;;8,597;0
2;2;80;32,743;;8,701;0
2;2;81;33;;8,855;0
2;2;82;31,455;;8,751;0
2;2;83;31,198;;8,907;0
2;2;84;34,287;;9,061;0
2;2;85;36,912;;9,061;0
2;2;86;37,891;;9,215;0
2;2;87;38,714;;9,318;0
2;2;88;39,641;;9,421;0
2;2;89;40,568;;9,627;0
2;2;90;40,774;;9,628;0
2;2;91;41,237;;9,73;0
2;2;92;41,534;;9,624;0
2;2;93;41,843;;9,728;0
2;2;94;42,203;;9,676;0
2;2;95;42,358;;9,882;0
2;2;96;40,402;;9,882;0
2;2;97;41,431;;10,036;0
2;2;98;43,181;;9,984;0
2;2;99;43,747;;9,881;0
2;2;100;44,777;;9,985;0
2;2;101;45,6;;9,985;0
2;2;102;46,475;;9,882;0
2;2;103;47,453;;9,933;0
2;2;104;48,277;;9,831;0
2;2;105;48,946;;9,779;0
2;2;106;49,872;;9,779;0
2;2;107;50,439;;9,728;0
2;2;108;50,953;;9,831;0
2;2;109;51,623;;9,831;0
2;2;110;52,188;;9,882;0
2;2;111;52,343;;9,625;0
2;2;112;52,651;;9,676;0
2;2;113;52,652;;9,47;0
2;2;114;52,857;;9,418;0
2;2;115;53,011;;9,418;0
2;2;116;53,063;;9,367;0
2;2;117;53,012;;9,47;0
2;2;118;52,961;;9,316;0
2;2;119;52,96;;9,367;0
2;2;120;52,857;;9,213;0
2;2;121;52,651;;9,212;0
2;2;122;52,394;;9,058;0
2;2;123;52,085;;9,11;0
2;2;124;51,982;;8,904;0
2;2;125;51,828;;8,955;0
2;2;126;51,416;;8,75;0
2;2;127;51,107;;8,749;0
2;2;128;50,49;;8,698;0
2;2;129;49,615;;8,698;0
2;2;130;48,843;;8,749;0
2;2;131;48,483;;8,595;0
2;2;132;47,879;;8,546;0
2;2;133;47,416;;8,649;0
2;2;134;46,078;;8,598;0
2;2;135;44,842;;8,443;0
2;2;136;45,1;;8,444;0
2;2;137;45,254;;8,289;0
2;2;138;46,695;;8,289;0
2;2;139;48,548;;8,34;0
2;2;140;51,174;;8,289;0
2;2;141;52,822;;8,237;0
2;2;142;54,315;;8,083;0
2;2;143;55,602;;8,083;0
2;2;144;56,734;;7,928;0
2;2;145;57,816;;7,98;0
2;2;146;58,897;;7,774;0
2;2;147;59,823;;7,774;0
2;2;148;60,648;;7,671;0
2;2;149;61,265;;7,466;0
2;2;150;62,243;;7,517;0
2;2;151;62,757;;7,413;0
2;2;152;63,685;;7,62;0
2;2;153;64,303;;7,414;0
2;2;154;64,92;;7,516;0
2;2;155;65,383;;7,31;0
2;2;156;65,744;;7,311;0
2;2;157;66,002;;7,311;0
2;2;158;66,259;;7,105;0
2;2;159;66,413;;7,104;0
2;2;160;66,722;;7,001;0
2;2;161;67,134;;7,002;0
2;2;162;67,34;;7,104;0
2;2;163;67,495;;7,002;0
2;2;164;67,752;;7,053;0
2;2;165;67,701;;6,899;0
2;2;166;67,907;;6,642;0
2;2;167;67,855;;6,538;0
2;2;168;67,855;;6,59;0
2;2;169;67,957;;6,641;0
2;2;170;68,112;;6,744;0
2;2;171;67,957;;6,59;0
2;2;172;67,879;;6,432;0
2;2;173;67,931;;6,433;0
2;2;174;67,931;;6,485;0
2;2;175;67,982;;6,278;0
2;2;176;67,879;;6,124;0
2;2;177;67,931;;6,227;0
2;2;178;67,725;;6,072;0
2;2;179;67,623;;5,97;0
2;2;180;67,313;;5,97;0
2;2;181;67,056;;6,021;0
2;2;182;66,542;;5,867;0
2;2;183;66,129;;5,712;0
2;2;184;65,873;;5,661;0
2;2;185;65,975;;5,558;0
2;2;186;66,232;;5,609;0
2;2;187;66,49;;5,507;0
2;2;188;67,056;;5,609;0
2;2;189;67,776;;5,455;0
2;2;190;68,703;;5,506;0
2;2;191;69,681;;5,353;0
2;2;192;70,709;;5,094;0
2;2;193;71,894;;5,146;0
2;2;194;72,872;;5,147;0
2;2;195;73,592;;5,095;0
2;2;196;74,364;;5,043;0
2;2;197;75,084;;4,889;0
2;2;198;75,804;;4,94;0
2;2;199;76,114;;4,838;0
2;2;200;76,474;;4,838;0
2;2;201;77,039;;4,889;0
2;2;202;77,4;;4,683;0
2;2;203;77,863;;4,837;0
2;2;204;78,069;;4,58;0
2;2;205;78,172;;4,58;0
2;2;206;78,378;;4,528;0
2;2;207;78,635;;4,58;0
2;2;208;78,686;;4,58;0
2;2;209;78,687;;4,529;0
2;2;210;78,532;;4,271;0
2;2;211;78,686;;4,323;0
2;2;212;78,892;;4,374;0
2;2;213;78,995;;4,374;0
2;2;214;79,51;;4,117;0
2;2;215;79,922;;4,014;0
2;2;216;79,865;;4,568;0
2;2;217;80,89;;4,568;0
2;2;218;81,506;;4,465;0
2;2;219;82,071;;4,363;0
2;2;220;82,585;;4,209;0
2;2;221;83,149;;4,158;0
2;2;222;83,662;;4,106;0
2;2;223;84,226;;4,054;0
2;2;224;84,689;;4,004;0
2;2;225;85,305;;4,004;0
2;2;226;85,767;;3,901;0
2;2;227;86,383;;3,901;0
2;2;228;86,794;;3,798;0
2;2;229;87,204;;3,85;0
2;2;230;87,563;;3,747;0
2;2;231;87,717;;3,542;0
2;2;232;88,23;;3,695;0
2;2;233;88,384;;3,49;0
2;2;234;88,641;;3,49;0
2;2;235;88,641;;3,336;0
2;2;236;89;;3,388;0
2;2;237;89;;3,284;0
2;2;238;89;;3,336;0
2;2;239;88,795;;3,285;0
2;2;240;88,744;;3,234;0
2;2;241;88,538;;3,182;0
2;2;242;88,333;;3,028;0
2;2;243;88,025;;2,926;0
2;2;244;87,819;;2,977;0
2;2;245;87,511;;2,874;0
2;2;246;87,255;;2,823;0
2;2;247;86,948;;2,772;0
2;2;248;86,691;;2,669;0
2;2;249;86,228;;2,823;0
2;2;250;85,562;;2,72;0
2;2;251;85,099;;2,669;0
2;2;252;84,718;;2,609;0
2;2;253;84,204;;2,566;0
2;2;254;83,776;;2,437;0
2;2;255;83,178;;2,352;0
2;2;256;82,708;;2,352;0
2;2;257;79,158;;2,437;0
2;2;258;74,924;;2,266;0
2;2;259;74,753;;2,138;0
2;2;260;74,539;;2,053;0
2;2;261;74,539;;2,095;0
2;2;262;80,698;;2,01;0
2;2;263;81,938;;2,053;0
2;2;264;82,365;;1,924;0
2;2;265;82,323;;1,839;0
2;2;266;82,323;;1,839;0
2;2;267;82,151;;1,796;0
2;2;268;82,023;;1,796;0
2;2;269;81,767;;1,583;0
2;2;270;81,425;;1,497;0
2;2;271;80,826;;1,582;0
2;2;272;79,628;;1,582;0
2;2;273;77,96;;1,496;0
2;2;274;76,379;;1,497;0
2;2;275;73,855;;1,326;0
2;2;276;71,332;;1,326;0
2;2;277;68,937;;1,197;0
2;2;278;66,329;;1,24;0
2;2;279;64,319;;1,112;0
2;2;280;62,18;;1,069;0
2;2;281;60,299;;1,069;0
2;2;282;58,118;;1,112;0
2;2;283;56,108;;0,899;0
2;2;284;54,311;;0,94;0
2;2;285;52,43;;0,898;0
2;2;286;50,035;;0,898;0
2;2;287;47,983;;0,727;0
2;2;288;45,844;;0,769;0
2;2;289;43,834;;0,727;0
2;2;290;43,791;;0,77;0
2;2;291;44,219;;0,599;0
2;2;292;44,514;;0,462;0
2;2;293;45,027;;0,462;0
2;2;294;44,873;;0,513;0
2;2;295;44,513;;0,564;0
2;2;296;44,411;;0,359;0
2;2;297;43,385;;0,308;0
2;2;298;42,104;;0,205;0
2;2;299;40,719;;0,102;0
2;2;300;39,745;;-0,102;0
2;2;301;39,077;;-0,103;0
2;2;302;38,462;;-0,103;0
2;2;303;37,949;;-0,154;0
2;2;304;37,436;;-0,103;0
2;2;305;36,718;;-0,308;0
2;2;306;36,155;;-0,205;0
2;2;307;35,539;;-0,256;0
2;2;308;34,975;;-0,256;0
2;2;309;33,796;;-0,308;0
2;2;310;32,975;;-0,41;0
2;2;311;32,36;;-0,41;0
2;2;312;31,591;;-0,461;0
2;2;313;30,667;;-0,615;0
2;2;314;30;;-0,616;0
2;2;315;29,18;;-0,564;0
2;2;316;28,206;;-0,615;0
2;2;317;26,975;;-0,769;0
2;2;318;25,949;;-0,872;0
2;2;319;26,103;;-0,769;0
2;2;320;26,206;;-0,564;0
2;2;321;26,257;;-0,256;0
2;2;322;25,693;;-0,154;0
2;2;323;27,129;;0,154;0
2;2;324;26,667;;0,359;0
2;2;325;26,872;;0,667;0
2;2;326;25,693;;0,718;0
2;2;327;24,462;;0,975;0
2;2;328;24,565;;1,231;0
2;2;329;24,155;;1,385;0
2;2;330;23,795;;1,025;0
2;2;331;22,821;;0,41;0
2;2;332;21,507;;-0,128;0
2;2;333;20,309;;-0,3;0
2;2;334;19,454;;0,513;0
2;2;335;18,428;;1,326;0
2;2;336;16,846;;2,052;0
2;2;337;16,675;;2,993;0
2;2;338;19,112;;3,207;0
2;2;339;21,507;;3,293;0
2;2;340;25,184;;3,335;0
2;2;341;28,818;;3,42;0
2;2;342;28,946;;3,421;0
2;2;343;28,989;;3,335;0
2;2;344;28,86;;3,377;0
2;2;345;28,861;;3,42;0
2;2;346;28,946;;3,377;0
2;2;347;33,05;;3,463;0
2;2;348;36,385;;3,42;0
2;2;349;39,508;;3,464;0
2;2;350;41,303;;3,421;2
2;2;351;42,8;;3,421;4
2;2;352;43,355;;3,463;1
2;2;353;42,8;;3,506;2
2;2;354;41,945;;3,549;1
2;2;355;40,534;;3,549;2
2;2;356;39,721;;3,634;2
2;2;357;39,849;;3,677;1
2;2;358;40,02;;3,72;2
2;2;359;43,056;;4,276;1
2;2;360;46,135;;4,917;1
2;2;361;48,999;;5,388;3
2;2;362;51,778;;5,986;1
2;2;363;54,13;;6,585;1
2;2;364;56,823;;7,183;1
2;2;365;59,432;;7,739;0
2;2;366;62,297;;8,338;3
2;2;367;64,819;;8,936;1
2;2;368;67,556;;9,321;1
2;2;369;70,207;;10,048;2
2;2;370;72,815;;10,518;4
2;2;371;74,781;;11,031;2
2;2;372;76,824;;11,671;2
2;2;373;78,962;;12,184;2
2;2;374;80,202;;12,868;1
2;2;375;81,399;;13,381;3
2;2;376;82,596;;13,937;2
2;2;377;83,408;;14,493;2
2;2;378;83,664;;15,048;1
2;2;379;83,964;;15,305;1
2;2;380;83,964;;15,477;4
2;2;381;82,682;;15,605;1
2;2;382;81,314;;15,776;4
2;2;383;79,39;;15,947;3
2;2;384;77,551;;16,074;1
2;2;385;75,713;;16,161;2
2;2;386;73,703;;16,288;2
2;2;387;71,523;;16,459;0
2;2;388;69,257;;16,587;1
2;2;389;66,693;;16,545;0
2;2;390;64,769;;15,776;1
2;2;391;63,444;;15,263;0
2;2;392;62,588;;14,749;1
2;2;393;61,647;;14,065;0
2;2;394;59,339;;13,681;0
2;2;395;55,919;;13,339;1
2;2;396;54,508;;13,039;0
2;2;397;53,097;;12,783;0
2;2;398;51,729;;12,526;0
2;2;399;50,917;;12,27;0
2;2;400;50,019;;11,927;2
2;2;401;49,292;;11,714;4
2;2;402;48,523;;11,5;3
2;2;403;47,668;;11,286;1
2;2;404;48,78;;10,987;2
2;2;405;50,404;;10,773;4
2;2;406;52,028;;10,517;0
2;2;407;53,952;;10,26;0
2;2;408;56,004;;9,875;0
2;2;409;58,142;;9,79;0
2;2;410;60,194;;9,534;0
2;2;411;61,99;;9,277;0
2;2;412;63,955;;8,983;0
2;2;413;64,467;;8,725;0
2;2;414;64,826;;8,366;0
2;2;415;65,185;;8,212;0
2;2;416;65,442;;7,904;0
2;2;417;65,579;;7,656;0
2;2;418;65,784;;7,357;0
2;2;419;65,828;;7,058;0
2;2;420;65,657;;6,93;0
2;2;421;65,315;;6,63;0
2;2;422;64,416;;6,287;0
2;2;423;63,646;;6,074;0
2;2;424;62,705;;5,817;0
2;2;425;61,978;;5,689;0
2;2;426;60,866;;5,432;0
2;2;427;59,497;;5,261;0
2;2;428;58,685;;4,877;0
2;2;429;58,257;;4,62;0
2;2;430;58,3;;4,32;0
2;2;431;58,685;;4,149;0
2;2;432;58,941;;3,807;0
2;2;433;59,454;;3,978;0
2;2;434;59,54;;4,491;0
2;2;435;59,027;;4,876;0
2;2;436;58,3;;5,304;0
2;2;437;57,701;;5,689;0
2;2;438;55,006;;6,159;0
2;2;439;52,697;;6,374;0
2;2;440;50,601;;6,587;0
2;2;441;49,745;;6,63;0
2;2;442;49,403;;6,587;0
2;2;443;48,975;;6,544;0
2;2;444;47,692;;6,416;0
2;2;445;46,537;;6,373;0
2;2;446;45,168;;6,245;0
2;2;447;43,885;;5,946;0
2;2;448;42,901;;5,988;0
2;2;449;41,704;;5,86;0
2;2;450;40,763;;5,903;0
2;2;451;39,907;;5,688;0
2;2;452;39,504;;5,68;0
2;2;453;38,863;;5,338;0
2;2;454;38,052;;5,296;0
2;2;455;36,984;;5,253;0
2;2;456;35,532;;5,21;0
2;2;457;34,677;;4,911;0
2;2;458;34,336;;4,655;0
2;2;459;33,909;;4,569;0
2;2;460;32,628;;4,357;0
2;2;461;31,688;;4,142;0
2;2;462;31,561;;4,271;0
2;2;463;30,364;;4,398;0
2;2;464;27,76;;4,655;0
2;2;465;26,136;;4,783;0
2;2;466;25,496;;4,954;0
2;2;467;25,282;;5,21;0
2;2;468;25,155;;5,253;0
2;2;469;24,428;;5,467;0
2;2;470;16,229;;5,466;0
2;2;471;10,506;;5,509;0
2;2;472;10,164;;5,552;0
2;2;473;7,217;;5,552;0
2;2;474;6,534;;5,466;0
2;2;475;6,662;;5,595;0
2;2;476;6,496;;5,638;0
