Material_ID;Spec_ID;sigma_kPa;T_ini_mm;T_mm;eps_rel;M_A_mean_gm2;M_A_spec_gm2
NW500;1;2;6,42;6,42;0;593,84;571,7
NW500;1;5;6,42;6,01;0,063862928;593,84;571,7
NW500;1;20;6,42;5,29;0,176012461;593,84;571,7
NW500;1;50;6,42;4,45;0,306853583;593,84;571,7
NW500;1;100;6,42;3,36;0,476635514;593,84;571,7
NW500;1;150;6,42;2,89;0,549844237;593,84;571,7
NW500;1;200;6,42;2,62;0,591900312;593,84;571,7
NW500;1;500;6,42;2,11;0,671339564;593,84;571,7
NW500;1;1200;6,42;1,66;0,741433022;593,84;571,7
NW500;2;2;6,36;6,36;0;593,84;616,9
NW500;2;5;6,36;5,99;0,058176101;593,84;616,9
NW500;2;20;6,36;5,34;0,160377358;593,84;616,9
NW500;2;50;6,36;4,55;0,284591195;593,84;616,9
NW500;2;100;6,36;3,51;0,448113208;593,84;616,9
NW500;2;150;6,36;3,02;0,525157233;593,84;616,9
NW500;2;200;6,36;2,74;0,56918239;593,84;616,9
NW500;2;500;6,36;2,22;0,650943396;593,84;616,9
NW500;2;1200;6,36;1,75;0,724842767;593,84;616,9
NW500;3;2;6,17;6,17;0;593,84;554,0
NW500;3;5;6,17;5,77;0,064829822;593,84;554,0
NW500;3;20;6,17;5,06;0,179902755;593,84;554,0
NW500;3;50;6,17;4,26;0,309562399;593,84;554,0
NW500;3;100;6,17;3,22;0,478119935;593,84;554,0
NW500;3;150;6,17;2,77;0,551053485;593,84;554,0
NW500;3;200;6,17;2,51;0,593192869;593,84;554,0
NW500;3;500;6,17;2,01;0,674230146;593,84;554,0
NW500;3;1200;6,17;1,58;0,743922204;593,84;554,0
NW500;4;2;6,37;6,37;0;593,84;588,4
NW500;4;5;6,37;6,01;0,056514914;593,84;588,4
NW500;4;20;6,37;5,37;0,156985871;593,84;588,4
NW500;4;50;6,37;4,66;0,26844584;593,84;588,4
NW500;4;100;6,37;3,61;0,433281005;593,84;588,4
NW500;4;150;6,37;3,09;0,514913658;593,84;588,4
NW500;4;200;6,37;2,80;0,56043956;593,84;588,4
NW500;4;500;6,37;2,24;0,648351648;593,84;588,4
NW500;4;1200;6,37;1,76;0,723704867;593,84;588,4
NW500;5;2;6,38;6,38;0;593,84;584,9
NW500;5;5;6,38;5,99;0,061128527;593,84;584,9
NW500;5;20;6,38;5,28;0,172413793;593,84;584,9
NW500;5;50;6,38;4,48;0,297805643;593,84;584,9
NW500;5;100;6,38;3,41;0,465517241;593,84;584,9
NW500;5;150;6,38;2,93;0,540752351;593,84;584,9
NW500;5;200;6,38;2,66;0,5830721;593,84;584,9
NW500;5;500;6,38;2,14;0,664576803;593,84;584,9
NW500;5;1200;6,38;1,68;0,736677116;593,84;584,9
NW500;6;2;6,42;6,42;0;593,84;627,7
NW500;6;5;6,42;6,06;0,056074766;593,84;627,7
NW500;6;20;6,42;5,42;0,15576324;593,84;627,7
NW500;6;50;6,42;4,72;0,264797508;593,84;627,7
NW500;6;100;6,42;3,71;0,42211838;593,84;627,7
NW500;6;150;6,42;3,19;0,503115265;593,84;627,7
NW500;6;200;6,42;2,88;0,551401869;593,84;627,7
NW500;6;500;6,42;2,30;0,641744548;593,84;627,7
NW500;6;1200;6,42;1,81;0,718068536;593,84;627,7
NW500;7;2;6,23;6,23;0;593,84;590,8
NW500;7;5;6,23;5,85;0,060995185;593,84;590,8
NW500;7;20;6,23;5,15;0,173354735;593,84;590,8
NW500;7;50;6,23;4,32;0,306581059;593,84;590,8
NW500;7;100;6,23;3,27;0,475120385;593,84;590,8
NW500;7;150;6,23;2,81;0,548956661;593,84;590,8
NW500;7;200;6,23;2,55;0,590690209;593,84;590,8
NW500;7;500;6,23;2,06;0,669341894;593,84;590,8
NW500;7;1200;6,23;1,63;0,738362761;593,84;590,8
NW500;8;2;6,50;6,50;0;593,84;618,2
NW500;8;5;6,50;6,11;0,06;593,84;618,2
NW500;8;20;6,50;5,41;0,167692308;593,84;618,2
NW500;8;50;6,50;4,61;0,290769231;593,84;618,2
NW500;8;100;6,50;3,52;0,458461538;593,84;618,2
NW500;8;150;6,50;3,03;0,533846154;593,84;618,2
NW500;8;200;6,50;2,75;0,576923077;593,84;618,2
NW500;8;500;6,50;2,22;0,658461538;593,84;618,2
NW500;8;1200;6,50;1,75;0,730769231;593,84;618,2
NW500;9;2;6,46;6,46;0;593,84;604,9
NW500;9;5;6,46;6,08;0,058823529;593,84;604,9
NW500;9;20;6,46;5,42;0,160990712;593,84;604,9
NW500;9;50;6,46;4,70;0,27244582;593,84;604,9
NW500;9;100;6,46;3,56;0,448916409;593,84;604,9
NW500;9;150;6,46;3,04;0,529411765;593,84;604,9
NW500;9;200;6,46;2,75;0,574303406;593,84;604,9
NW500;9;500;6,46;2,20;0,659442724;593,84;604,9
NW500;9;1200;6,46;1,74;0,730650155;593,84;604,9
NW500;10;2;6,29;6,29;0;593,84;560,4
NW500;10;5;6,29;5,89;0,063593005;593,84;560,4
NW500;10;20;6,29;5,19;0,174880763;593,84;560,4
NW500;10;50;6,29;4,44;0,294117647;593,84;560,4
NW500;10;100;6,29;3,33;0,470588235;593,84;560,4
NW500;10;150;6,29;2,84;0,548489666;593,84;560,4
NW500;10;200;6,29;2,56;0,593004769;593,84;560,4
NW500;10;500;6,29;2,07;0,6709062;593,84;560,4
NW500;10;1200;6,29;1,62;0,742448331;593,84;560,4
NW800;1;2;7,13;7,13;0;871,55;866,7
NW800;1;5;7,13;6,82;0,043478261;871,55;866,7
NW800;1;20;7,13;6,11;0,143057504;871,55;866,7
NW800;1;50;7,13;5,27;0,260869565;871,55;866,7
NW800;1;100;7,13;4,47;0,373071529;871,55;866,7
NW800;1;150;7,13;4,00;0,438990182;871,55;866,7
NW800;1;200;7,13;3,70;0,481065919;871,55;866,7
NW800;1;500;7,13;3,03;0,575035063;871,55;866,7
NW800;1;1200;7,13;2,41;0,661991585;871,55;866,7
NW800;2;2;7,21;7,21;0;871,55;860,0
NW800;2;5;7,21;6,90;0,042995839;871,55;860,0
NW800;2;20;7,21;6,15;0,147018031;871,55;860,0
NW800;2;50;7,21;5,29;0,26629681;871,55;860,0
NW800;2;100;7,21;4,47;0,380027739;871,55;860,0
NW800;2;150;7,21;3,99;0,446601942;871,55;860,0
NW800;2;200;7,21;3,69;0,488210818;871,55;860,0
NW800;2;500;7,21;3,02;0,581137309;871,55;860,0
NW800;2;1200;7,21;2,41;0,665742025;871,55;860,0
NW800;3;2;7,45;7,45;0;871,55;865,7
NW800;3;5;7,45;7,18;0,036241611;871,55;865,7
NW800;3;20;7,45;6,54;0,122147651;871,55;865,7
NW800;3;50;7,45;5,66;0,240268456;871,55;865,7
NW800;3;100;7,45;4,73;0,365100671;871,55;865,7
NW800;3;150;7,45;4,20;0,436241611;871,55;865,7
NW800;3;200;7,45;3,87;0,480536913;871,55;865,7
NW800;3;500;7,45;3,11;0,582550336;871,55;865,7
NW800;3;1200;7,45;2,47;0,668456376;871,55;865,7
NW800;4;2;7,36;7,36;0;871,55;881,5
NW800;4;5;7,36;7,10;0,035326087;871,55;881,5
NW800;4;20;7,36;6,48;0,119565217;871,55;881,5
NW800;4;50;7,36;5,62;0,236413043;871,55;881,5
NW800;4;100;7,36;4,68;0,364130435;871,55;881,5
NW800;4;150;7,36;4,15;0,436141304;871,55;881,5
NW800;4;200;7,36;3,81;0,482336957;871,55;881,5
NW800;4;500;7,36;3,08;0,581521739;871,55;881,5
NW800;4;1200;7,36;2,45;0,667119565;871,55;881,5
NW800;5;2;7,55;7,55;0;871,55;936,4
NW800;5;5;7,55;7,33;0,029139073;871,55;936,4
NW800;5;20;7,55;6,78;0,101986755;871,55;936,4
NW800;5;50;7,55;5,99;0,206622517;871,55;936,4
NW800;5;100;7,55;5,10;0,324503311;871,55;936,4
NW800;5;150;7,55;4,56;0,39602649;871,55;936,4
NW800;5;200;7,55;4,20;0,443708609;871,55;936,4
NW800;5;500;7,55;3,36;0,554966887;871,55;936,4
NW800;5;1200;7,55;2,66;0,647682119;871,55;936,4
NW800;6;2;7,37;7,37;0;871,55;914,9
NW800;6;5;7,37;7,12;0,033921303;871,55;914,9
NW800;6;20;7,37;6,42;0,12890095;871,55;914,9
NW800;6;50;7,37;5,59;0,241519674;871,55;914,9
NW800;6;100;7,37;4,79;0,350067843;871,55;914,9
NW800;6;150;7,37;4,31;0,415196744;871,55;914,9
NW800;6;200;7,37;4,00;0,457259159;871,55;914,9
NW800;6;500;7,37;3,29;0,553595658;871,55;914,9
NW800;6;1200;7,37;2,63;0,643147897;871,55;914,9
NW800;7;2;6,55;6,55;0;871,55;852,7
NW800;7;5;6,55;6,26;0,044274809;871,55;852,7
NW800;7;20;6,55;5,65;0,13740458;871,55;852,7
NW800;7;50;6,55;4,93;0,247328244;871,55;852,7
NW800;7;100;6,55;4,21;0,357251908;871,55;852,7
NW800;7;150;6,55;3,80;0,419847328;871,55;852,7
NW800;7;200;6,55;3,52;0,46259542;871,55;852,7
NW800;7;500;6,55;2,95;0,549618321;871,55;852,7
NW800;7;1200;6,55;2,36;0,639694656;871,55;852,7
NW800;8;2;7,06;7,06;0;871,55;983,3
NW800;8;5;7,06;6,75;0,043909348;871,55;983,3
NW800;8;20;7,06;6,17;0,126062323;871,55;983,3
NW800;8;50;7,06;5,49;0,222379603;871,55;983,3
NW800;8;100;7,06;4,79;0,321529745;871,55;983,3
NW800;8;150;7,06;4,35;0,383852691;871,55;983,3
NW800;8;200;7,06;4,06;0,424929178;871,55;983,3
NW800;8;500;7,06;3,37;0,52266289;871,55;983,3
NW800;8;1200;7,06;2,72;0,614730878;871,55;983,3
NW800;9;2;7,37;7,37;0;871,55;792,6
NW800;9;5;7,37;7,04;0,044776119;871,55;792,6
NW800;9;20;7,37;6,33;0,141112619;871,55;792,6
NW800;9;50;7,37;5,35;0,274084125;871,55;792,6
NW800;9;100;7,37;4,38;0,405698779;871,55;792,6
NW800;9;150;7,37;3,84;0,478968792;871,55;792,6
NW800;9;200;7,37;3,51;0,523744912;871,55;792,6
NW800;9;500;7,37;2,80;0,620081411;871,55;792,6
NW800;9;1200;7,37;2,21;0,700135685;871,55;792,6
NW800;10;2;6,69;6,69;0;871,55;848,8
NW800;10;5;6,69;6,38;0,046337818;871,55;848,8
NW800;10;20;6,69;5,75;0,140508221;871,55;848,8
NW800;10;50;6,69;5,04;0,246636771;871,55;848,8
NW800;10;100;6,69;4,34;0,351270553;871,55;848,8
NW800;10;150;6,69;3,92;0,414050822;871,55;848,8
NW800;10;200;6,69;3,65;0,454409567;871,55;848,8
NW800;10;500;6,69;3,05;0,544095665;871,55;848,8
NW800;10;1200;6,69;2,45;0,633781764;871,55;848,8
NW900A;1;2;6,84;6,84;0;923,68;918,9
NW900A;1;5;6,84;6,57;0,039473684;923,68;918,9
NW900A;1;20;6,84;6,04;0,116959064;923,68;918,9
NW900A;1;50;6,84;5,50;0,195906433;923,68;918,9
NW900A;1;100;6,84;4,89;0,285087719;923,68;918,9
NW900A;1;150;6,84;4,43;0,352339181;923,68;918,9
NW900A;1;200;6,84;4,11;0,399122807;923,68;918,9
NW900A;1;500;6,84;3,35;0,510233918;923,68;918,9
NW900A;1;1200;6,84;2,63;0,615497076;923,68;918,9
NW900A;2;2;6,60;6,60;0;923,68;894,9
NW900A;2;5;6,60;6,35;0,037878788;923,68;894,9
NW900A;2;20;6,60;5,88;0,109090909;923,68;894,9
NW900A;2;50;6,60;5,37;0,186363636;923,68;894,9
NW900A;2;100;6,60;4,77;0,277272727;923,68;894,9
NW900A;2;150;6,60;4,32;0,345454545;923,68;894,9
NW900A;2;200;6,60;4,01;0,392424242;923,68;894,9
NW900A;2;500;6,60;3,24;0,509090909;923,68;894,9
NW900A;2;1200;6,60;2,55;0,613636364;923,68;894,9
NW900A;3;2;6,74;6,74;0;923,68;909,6
NW900A;3;5;6,74;6,50;0,035608309;923,68;909,6
NW900A;3;20;6,74;6,04;0,103857567;923,68;909,6
NW900A;3;50;6,74;5,54;0,178041543;923,68;909,6
NW900A;3;100;6,74;4,95;0,265578635;923,68;909,6
NW900A;3;150;6,74;4,51;0,330860534;923,68;909,6
NW900A;3;200;6,74;4,20;0,376854599;923,68;909,6
NW900A;3;500;6,74;3,44;0,489614243;923,68;909,6
NW900A;3;1200;6,74;2,72;0,596439169;923,68;909,6
NW900A;4;2;6,99;6,99;0;923,68;943,5
NW900A;4;5;6,99;6,76;0,032904149;923,68;943,5
NW900A;4;20;6,99;6,27;0,103004292;923,68;943,5
NW900A;4;50;6,99;5,72;0,181688126;923,68;943,5
NW900A;4;100;6,99;5,06;0,276108727;923,68;943,5
NW900A;4;150;6,99;4,60;0,341917024;923,68;943,5
NW900A;4;200;6,99;4,28;0,38769671;923,68;943,5
NW900A;4;500;6,99;3,54;0,493562232;923,68;943,5
NW900A;4;1200;6,99;2,81;0,597997139;923,68;943,5
NW900A;5;2;6,69;6,69;0;923,68;945,4
NW900A;5;5;6,69;6,44;0,037369208;923,68;945,4
NW900A;5;20;6,69;5,94;0,112107623;923,68;945,4
NW900A;5;50;6,69;5,43;0,188340807;923,68;945,4
NW900A;5;100;6,69;4,83;0,278026906;923,68;945,4
NW900A;5;150;6,69;4,39;0,343796712;923,68;945,4
NW900A;5;200;6,69;4,08;0,390134529;923,68;945,4
NW900A;5;500;6,69;3,37;0,496263079;923,68;945,4
NW900A;5;1200;6,69;2,66;0,602391629;923,68;945,4
NW900A;6;2;6,89;6,89;0;923,68;954,9
NW900A;6;5;6,89;6,65;0,034833091;923,68;954,9
NW900A;6;20;6,89;6,18;0,103047896;923,68;954,9
NW900A;6;50;6,89;5,68;0,175616836;923,68;954,9
NW900A;6;100;6,89;5,10;0,259796807;923,68;954,9
NW900A;6;150;6,89;4,67;0,322206096;923,68;954,9
NW900A;6;200;6,89;4,36;0,367198839;923,68;954,9
NW900A;6;500;6,89;3,61;0,47605225;923,68;954,9
NW900A;6;1200;6,89;2,87;0,583454282;923,68;954,9
NW900A;7;2;6,95;6,95;0;923,68;914,2
NW900A;7;5;6,95;6,70;0,035971223;923,68;914,2
NW900A;7;20;6,95;6,15;0,115107914;923,68;914,2
NW900A;7;50;6,95;5,53;0,204316547;923,68;914,2
NW900A;7;100;6,95;4,82;0,30647482;923,68;914,2
NW900A;7;150;6,95;4,34;0,375539568;923,68;914,2
NW900A;7;200;6,95;4,01;0,423021583;923,68;914,2
NW900A;7;500;6,95;3,28;0,528057554;923,68;914,2
NW900A;7;1200;6,95;2,59;0,627338129;923,68;914,2
NW900A;8;2;7,07;7,07;0;923,68;932,8
NW900A;8;5;7,07;6,82;0,035360679;923,68;932,8
NW900A;8;20;7,07;6,31;0,107496464;923,68;932,8
NW900A;8;50;7,07;5,74;0,188118812;923,68;932,8
NW900A;8;100;7,07;5,07;0,282885431;923,68;932,8
NW900A;8;150;7,07;4,59;0,350777935;923,68;932,8
NW900A;8;200;7,07;4,27;0,396039604;923,68;932,8
NW900A;8;500;7,07;3,50;0,504950495;923,68;932,8
NW900A;8;1200;7,07;2,77;0,608203678;923,68;932,8
NW900A;9;2;6,85;6,85;0;923,68;908,0
NW900A;9;5;6,85;6,59;0,037956204;923,68;908,0
NW900A;9;20;6,85;6,09;0,110948905;923,68;908,0
NW900A;9;50;6,85;5,55;0,189781022;923,68;908,0
NW900A;9;100;6,85;4,90;0,284671533;923,68;908,0
NW900A;9;150;6,85;4,40;0,357664234;923,68;908,0
NW900A;9;200;6,85;4,13;0,397080292;923,68;908,0
NW900A;9;500;6,85;3,39;0,505109489;923,68;908,0
NW900A;9;1200;6,85;2,69;0,60729927;923,68;908,0
NW900A;10;2;6,88;6,88;0;923,68;915,0
NW900A;10;5;6,88;6,61;0,039244186;923,68;915,0
NW900A;10;20;6,88;6,05;0,120639535;923,68;915,0
NW900A;10;50;6,88;5,49;0,202034884;923,68;915,0
NW900A;10;100;6,88;4,88;0,290697674;923,68;915,0
NW900A;10;150;6,88;4,44;0,354651163;923,68;915,0
NW900A;10;200;6,88;4,12;0,401162791;923,68;915,0
NW900A;10;500;6,88;3,38;0,50872093;923,68;915,0
NW900A;10;1200;6,88;2,67;0,611918605;923,68;915,0
NW900B ;1;2;7,71;7,71;0;961,67;952,1
NW900B ;1;5;7,71;7,48;0,029831388;961,67;952,1
NW900B ;1;20;7,71;6,99;0,093385214;961,67;952,1
NW900B ;1;50;7,71;6,48;0,159533074;961,67;952,1
NW900B ;1;100;7,71;5,69;0,261997406;961,67;952,1
NW900B ;1;150;7,71;4,87;0,368352789;961,67;952,1
NW900B ;1;200;7,71;4,37;0,433203632;961,67;952,1
NW900B ;1;500;7,71;3,33;0,568093385;961,67;952,1
NW900B ;1;1200;7,71;2,62;0,660181582;961,67;952,1
NW900B ;2;2;7,69;7,69;0;961,67;989,0
NW900B ;2;5;7,69;7,43;0,033810143;961,67;989,0
NW900B ;2;20;7,69;6,95;0,096228869;961,67;989,0
NW900B ;2;50;7,69;6,46;0,159947984;961,67;989,0
NW900B ;2;100;7,69;5,73;0,254876463;961,67;989,0
NW900B ;2;150;7,69;4,95;0,356306892;961,67;989,0
NW900B ;2;200;7,69;4,45;0,421326398;961,67;989,0
NW900B ;2;500;7,69;3,47;0,548764629;961,67;989,0
NW900B ;2;1200;7,69;2,73;0,644993498;961,67;989,0
NW900B ;3;2;7,93;7,93;0;961,67;945,9
NW900B ;3;5;7,93;7,67;0,032786885;961,67;945,9
NW900B ;3;20;7,93;7,17;0,095838588;961,67;945,9
NW900B ;3;50;7,93;6,66;0,160151324;961,67;945,9
NW900B ;3;100;7,93;5,90;0,255989912;961,67;945,9
NW900B ;3;150;7,93;5,11;0,355611602;961,67;945,9
NW900B ;3;200;7,93;4,59;0,421185372;961,67;945,9
NW900B ;3;500;7,93;3,56;0,551071879;961,67;945,9
NW900B ;3;1200;7,93;2,78;0,649432535;961,67;945,9
NW900B ;4;2;7,24;7,24;0;961,67;920,6
NW900B ;4;5;7,24;6,95;0,040055249;961,67;920,6
NW900B ;4;20;7,24;6,46;0,107734807;961,67;920,6
NW900B ;4;50;7,24;6,00;0,171270718;961,67;920,6
NW900B ;4;100;7,24;5,44;0,248618785;961,67;920,6
NW900B ;4;150;7,24;4,83;0,332872928;961,67;920,6
NW900B ;4;200;7,24;4,34;0,400552486;961,67;920,6
NW900B ;4;500;7,24;3,29;0,54558011;961,67;920,6
NW900B ;4;1200;7,24;2,57;0,645027624;961,67;920,6
NW900B ;5;2;7,59;7,59;0;961,67;962,5
NW900B ;5;5;7,59;7,29;0,039525692;961,67;962,5
NW900B ;5;20;7,59;6,79;0,105401845;961,67;962,5
NW900B ;5;50;7,59;6,33;0,166007905;961,67;962,5
NW900B ;5;100;7,59;5,72;0,246376812;961,67;962,5
NW900B ;5;150;7,59;4,97;0,345191041;961,67;962,5
NW900B ;5;200;7,59;4,43;0,416337286;961,67;962,5
NW900B ;5;500;7,59;3,37;0,55599473;961,67;962,5
NW900B ;5;1200;7,59;2,64;0,652173913;961,67;962,5
NW900B ;6;2;7,25;7,25;0;961,67;973,7
NW900B ;6;5;7,25;6,96;0,04;961,67;973,7
NW900B ;6;20;7,25;6,49;0,104827586;961,67;973,7
NW900B ;6;50;7,25;6,06;0,164137931;961,67;973,7
NW900B ;6;100;7,25;5,53;0,237241379;961,67;973,7
NW900B ;6;150;7,25;4,97;0,314482759;961,67;973,7
NW900B ;6;200;7,25;4,50;0,379310345;961,67;973,7
NW900B ;6;500;7,25;3,41;0,529655172;961,67;973,7
NW900B ;6;1200;7,25;2,67;0,631724138;961,67;973,7
NW900B ;7;2;7,43;7,43;0;961,67;966,2
NW900B ;7;5;7,43;7,12;0,041722746;961,67;966,2
NW900B ;7;20;7,43;6,65;0,104979812;961,67;966,2
NW900B ;7;50;7,43;6,22;0,162853297;961,67;966,2
NW900B ;7;100;7,43;5,68;0,235531629;961,67;966,2
NW900B ;7;150;7,43;5,10;0,31359354;961,67;966,2
NW900B ;7;200;7,43;4,60;0,380888291;961,67;966,2
NW900B ;7;500;7,43;3,48;0,531628533;961,67;966,2
NW900B ;7;1200;7,43;2,73;0,632570659;961,67;966,2
NW900B ;8;2;7,68;7,68;0;961,67;981,9
NW900B ;8;5;7,68;7,39;0,037760417;961,67;981,9
NW900B ;8;20;7,68;6,89;0,102864583;961,67;981,9
NW900B ;8;50;7,68;6,43;0,162760417;961,67;981,9
NW900B ;8;100;7,68;5,78;0,247395833;961,67;981,9
NW900B ;8;150;7,68;5,03;0,345052083;961,67;981,9
NW900B ;8;200;7,68;4,52;0,411458333;961,67;981,9
NW900B ;8;500;7,68;3,46;0,549479167;961,67;981,9
NW900B ;8;1200;7,68;2,71;0,647135417;961,67;981,9
NW900B ;9;2;7,63;7,63;0;961,67;945,2
NW900B ;9;5;7,63;7,33;0,03931848;961,67;945,2
NW900B ;9;20;7,63;6,83;0,104849279;961,67;945,2
NW900B ;9;50;7,63;6,36;0,166448231;961,67;945,2
NW900B ;9;100;7,63;5,73;0,249017038;961,67;945,2
NW900B ;9;150;7,63;5,00;0,344692005;961,67;945,2
NW900B ;9;200;7,63;4,47;0,414154653;961,67;945,2
NW900B ;9;500;7,63;3,42;0,551769332;961,67;945,2
NW900B ;9;1200;7,63;2,68;0,648754915;961,67;945,2
NW900B ;10;2;7,12;7,12;0;961,67;930,5
NW900B ;10;5;7,12;6,81;0,043539326;961,67;930,5
NW900B ;10;20;7,12;6,34;0,109550562;961,67;930,5
NW900B ;10;50;7,12;5,85;0,178370787;961,67;930,5
NW900B ;10;100;7,12;5,19;0,271067416;961,67;930,5
NW900B ;10;150;7,12;4,65;0,346910112;961,67;930,5
NW900B ;10;200;7,12;4,27;0,400280899;961,67;930,5
NW900B ;10;500;7,12;3,33;0,532303371;961,67;930,5
NW900B ;10;1200;7,12;2,63;0,630617978;961,67;930,5
NW900_r;1;2;5,98;5,98;0;889,67;912,3
NW900_r;1;5;5,98;5,62;0,060200669;889,67;912,3
NW900_r;1;20;5,98;4,99;0,165551839;889,67;912,3
NW900_r;1;50;5,98;4,41;0,262541806;889,67;912,3
NW900_r;1;100;5,98;3,82;0,361204013;889,67;912,3
NW900_r;1;150;5,98;3,41;0,429765886;889,67;912,3
NW900_r;1;200;5,98;3,11;0,47993311;889,67;912,3
NW900_r;1;500;5,98;2,42;0,595317726;889,67;912,3
NW900_r;1;1200;5,98;1,88;0,685618729;889,67;912,3
NW900_r;2;2;6,09;6,09;0;889,67;933,7
NW900_r;2;5;6,09;5,69;0,065681445;889,67;933,7
NW900_r;2;20;6,09;5,01;0,177339901;889,67;933,7
NW900_r;2;50;6,09;4,42;0,274220033;889,67;933,7
NW900_r;2;100;6,09;3,82;0,3727422;889,67;933,7
NW900_r;2;150;6,09;3,40;0,441707718;889,67;933,7
NW900_r;2;200;6,09;3,09;0,492610837;889,67;933,7
NW900_r;2;500;6,09;2,41;0,604269294;889,67;933,7
NW900_r;2;1200;6,09;1,87;0,692939245;889,67;933,7
NW900_r;3;2;5,96;5,96;0;889,67;877,4
NW900_r;3;5;5,96;5,57;0,065436242;889,67;877,4
NW900_r;3;20;5,96;4,91;0,176174497;889,67;877,4
NW900_r;3;50;5,96;4,31;0,276845638;889,67;877,4
NW900_r;3;100;5,96;3,71;0,377516779;889,67;877,4
NW900_r;3;150;5,96;3,29;0,447986577;889,67;877,4
NW900_r;3;200;5,96;2,98;0,5;889,67;877,4
NW900_r;3;500;5,96;2,34;0,60738255;889,67;877,4
NW900_r;3;1200;5,96;1,82;0,694630872;889,67;877,4
NW900_r;4;2;6,34;6,34;0;889,67;972,6
NW900_r;4;5;6,34;5,96;0,059936909;889,67;972,6
NW900_r;4;20;6,34;5,29;0,165615142;889,67;972,6
NW900_r;4;50;6,34;4,71;0,257097792;889,67;972,6
NW900_r;4;100;6,34;4,12;0,350157729;889,67;972,6
NW900_r;4;150;6,34;3,71;0,414826498;889,67;972,6
NW900_r;4;200;6,34;3,40;0,463722397;889,67;972,6
NW900_r;4;500;6,34;2,67;0,578864353;889,67;972,6
NW900_r;4;1200;6,34;2,07;0,673501577;889,67;972,6
NW900_r;5;2;5,90;5,90;0;889,67;856,9
NW900_r;5;5;5,90;5,48;0,071186441;889,67;856,9
NW900_r;5;20;5,90;4,76;0,193220339;889,67;856,9
NW900_r;5;50;5,90;4,15;0,296610169;889,67;856,9
NW900_r;5;100;5,90;3,54;0,4;889,67;856,9
NW900_r;5;150;5,90;3,13;0,469491525;889,67;856,9
NW900_r;5;200;5,90;2,85;0,516949153;889,67;856,9
NW900_r;5;500;5,90;2,25;0,618644068;889,67;856,9
NW900_r;5;1200;5,90;1,75;0,703389831;889,67;856,9
NW900_r;6;2;6,28;6,28;0;889,67;977,7
NW900_r;6;5;6,28;5,89;0,062101911;889,67;977,7
NW900_r;6;20;6,28;5,25;0,164012739;889,67;977,7
NW900_r;6;50;6,28;4,68;0,25477707;889,67;977,7
NW900_r;6;100;6,28;4,11;0,345541401;889,67;977,7
NW900_r;6;150;6,28;3,70;0,410828025;889,67;977,7
NW900_r;6;200;6,28;3,39;0,460191083;889,67;977,7
NW900_r;6;500;6,28;2,66;0,576433121;889,67;977,7
NW900_r;6;1200;6,28;2,07;0,670382166;889,67;977,7
NW900_r;7;2;6,24;6,24;0;889,67;940,7
NW900_r;7;5;6,24;5,82;0,067307692;889,67;940,7
NW900_r;7;20;6,24;5,15;0,174679487;889,67;940,7
NW900_r;7;50;6,24;4,57;0,267628205;889,67;940,7
NW900_r;7;100;6,24;3,99;0,360576923;889,67;940,7
NW900_r;7;150;6,24;3,56;0,429487179;889,67;940,7
NW900_r;7;200;6,24;3,25;0,479166667;889,67;940,7
NW900_r;7;500;6,24;2,56;0,58974359;889,67;940,7
NW900_r;7;1200;6,24;1,99;0,681089744;889,67;940,7
NW900_r;8;2;6,02;6,02;0;889,67;873,4
NW900_r;8;5;6,02;5,62;0,066445183;889,67;873,4
NW900_r;8;20;6,02;4,92;0,182724252;889,67;873,4
NW900_r;8;50;6,02;4,29;0,287375415;889,67;873,4
NW900_r;8;100;6,02;3,67;0,390365449;889,67;873,4
NW900_r;8;150;6,02;3,25;0,46013289;889,67;873,4
NW900_r;8;200;6,02;2,97;0,506644518;889,67;873,4
NW900_r;8;500;6,02;2,34;0,611295681;889,67;873,4
NW900_r;8;1200;6,02;1,82;0,697674419;889,67;873,4
NW900_r;9;2;5,83;5,83;0;889,67;826,4
NW900_r;9;5;5,83;5,42;0,070325901;889,67;826,4
NW900_r;9;20;5,83;4,70;0,193825043;889,67;826,4
NW900_r;9;50;5,83;4,06;0,303602058;889,67;826,4
NW900_r;9;100;5,83;3,45;0,408233276;889,67;826,4
NW900_r;9;150;5,83;3,05;0,476843911;889,67;826,4
NW900_r;9;200;5,83;2,77;0,524871355;889,67;826,4
NW900_r;9;500;5,83;2,18;0,626072041;889,67;826,4
NW900_r;9;1200;5,83;1,70;0,708404803;889,67;826,4
NW900_r;10;2;5,81;5,81;0;889,67;817,6
NW900_r;10;5;5,81;5,41;0,068846816;889,67;817,6
NW900_r;10;20;5,81;4,72;0,187607573;889,67;817,6
NW900_r;10;50;5,81;4,12;0,290877797;889,67;817,6
NW900_r;10;100;5,81;3,53;0,39242685;889,67;817,6
NW900_r;10;150;5,81;3,14;0,459552496;889,67;817,6
NW900_r;10;200;5,81;2,86;0,507745267;889,67;817,6
NW900_r;10;500;5,81;2,25;0,612736661;889,67;817,6
NW900_r;10;1200;5,81;1,75;0,698795181;889,67;817,6
