VAR00001;VAR00002;VAR00003;VAR00004;VAR00005;VAR00006;VAR00007;VAR00008;VAR00009
1;1;0;2;110,152725;290,4;63,71;19,94; 
1;1;1;2;110,152725;290,4;1381,96;2,12; 
1;1;2;2;110,152725;290,4;459,15;2,76; 
1;1;31;2;110,152725;290,4;557,7;61,65; 
1;1;32;2;110,152725;290,4;316,05;182,21; 
1;1;33;2;110,152725;290,4;773,41;1,24; 
1;1;67;2;110,152725;290,4;529,94;9,6; 
1;1;68;2;110,152725;290,4;646,17;1,12; 
1;1;69;2;110,152725;290,4;970,77;162,3; 
1;1;70;2;110,152725;290,4;504,16;,05; 
1;1;71;2;110,152725;290,4;16,44;,2; 
1;1;72;2;110,152725;290,4;580,45;1,91; 
1;1;73;2;110,152725;290,4;1071,93;,36; 
1;2;0;2;110,152725;290,4;1821,59;83,82; 
1;2;1;2;110,152725;290,4;1707,68;1820,99; 
1;2;2;2;110,152725;290,4;1188,66;3285,88; 
1;2;3;2;110,152725;290,4;1747,54;240,28; 
1;2;71;2;110,152725;290,4;845,98;299,29; 
1;2;72;2;110,152725;290,4;374,72;520,13; 
1;2;73;2;110,152725;290,4;1107;22,85; 
1;2;74;2;110,152725;290,4;498,61;791,2; 
1;2;79;2;110,152725;290,4;654,75;303,98; 
1;2;80;2;110,152725;290,4;436,08;168,63; 
1;2;118;2;110,152725;290,4;669,71;26,39; 
1;2;119;2;110,152725;290,4;860,79;856,78; 
1;2;120;2;110,152725;290,4;331,74;297,47; 
1;2;134;2;110,152725;290,4;383,68;72,02; 
1;2;135;2;110,152725;290,4;995,93;727,66; 
1;2;136;2;110,152725;290,4;1596,13;33,43; 
1;2;148;2;110,152725;290,4;471,49;319,65; 
1;2;149;2;110,152725;290,4;731,42;91,54; 
1;2;151;2;110,152725;290,4;889,89;252,54; 
1;2;159;2;110,152725;290,4;461,47;21,5; 
1;2;160;2;110,152725;290,4;104,98;432,53; 
1;2;161;2;110,152725;290,4;477,7;6,51; 
1;2;166;2;110,152725;290,4;709,82;42,37; 
1;2;167;2;110,152725;290,4;674,63;197,89; 
1;2;168;2;110,152725;290,4;956,79;105,87; 
1;2;171;2;110,152725;290,4;727,33;300,39; 
1;2;172;2;110,152725;290,4;21,66;28,22; 
1;2;173;2;110,152725;290,4;549,69;620,09; 
1;2;176;2;110,152725;290,4;798,19;373,31; 
1;2;177;2;110,152725;290,4;6,81;4,87; 
1;2;178;2;110,152725;290,4;115,24;114,87; 
1;2;186;2;110,152725;290,4;721,07;553,65; 
1;2;187;2;110,152725;290,4;861,73;218,44; 
1;2;188;2;110,152725;290,4;223,48;268,3; 
1;2;189;2;110,152725;290,4;406,67;116,04; 
1;2;190;2;110,152725;290,4;651,59;371,23; 
1;2;191;2;110,152725;290,4;699,91;406,48; 
1;2;192;2;110,152725;290,4;1042,34;682,87; 
1;2;221;2;110,152725;290,4;433,2;168,47; 
1;2;222;2;110,152725;290,4;429,8;191,26; 
1;2;223;2;110,152725;290,4;543,25;33,55; 
1;2;224;2;110,152725;290,4;27,55;400,61; 
1;2;225;2;110,152725;290,4;358,97;1199,77; 
1;2;226;2;110,152725;290,4;114,42;648,52; 
2;1;0;2;130;268,75;1270,7;303,3; 
2;1;1;2;130;268,75;1770,1;472,5; 
2;1;2;2;130;268,75;524,7;55,2; 
2;1;3;2;130;268,75;2076,4;1898,7; 
2;1;4;2;130;268,75;2625,7;633,2; 
2;1;5;2;130;268,75;1598;177,8; 
2;1;6;2;130;268,75;2786,9;2194,7; 
2;1;7;2;130;268,75;1659,4;259,5; 
2;1;8;2;130;268,75;1397,9;362,8; 
2;1;9;2;130;268,75;1984,8;1086; 
2;1;10;2;130;268,75;1322,4;804,2; 
2;1;11;2;130;268,75;521,2;114,8; 
2;1;12;2;130;268,75;2521,9;496,5; 
2;1;13;2;130;268,75;1751;292,9; 
2;1;14;2;130;268,75;1238,8;494; 
2;1;15;2;130;268,75;1033,5;932,5; 
2;1;16;2;130;268,75;1310,2;320; 
2;1;17;2;130;268,75;1726,4;315,9; 
2;1;18;2;130;268,75;1929,6;349,4; 
2;1;19;2;130;268,75;1896,9;469,4; 
2;1;20;2;130;268,75;1151,3;854,8; 
2;1;21;2;130;268,75;1312,5;765,7; 
2;1;22;2;130;268,75;1277;278,2; 
2;1;23;2;130;268,75;900,4;253,3; 
2;1;24;2;130;268,75;1845;401,5; 
2;1;25;2;130;268,75;1500,9;439,6; 
2;1;26;2;130;268,75;1331,4;232,9; 
2;1;27;2;130;268,75;1583,9;192,3; 
2;1;28;2;130;268,75;1529,3;365,6; 
2;1;29;2;130;268,75;1491,3;338,3; 
2;1;30;2;130;268,75;4049,8;170,8; 
2;1;31;2;130;268,75;1081,6;438,7; 
2;1;32;2;130;268,75;2044,2;316,3; 
2;1;33;2;130;268,75;1690,1;260,6; 
2;1;34;2;130;268,75;135,9;504,9; 
2;1;35;2;130;268,75;2515,6;905,1; 
2;1;36;2;130;268,75;1506;1412,3; 
2;1;37;2;130;268,75;3675,9;3,6; 
2;1;38;2;130;268,75;88,6;342,8; 
2;1;39;2;130;268,75;507,2;2645,4; 
2;1;40;2;130;268,75;2082,2;374,4; 
2;1;41;2;130;268,75;1038,6;590,5; 
2;1;42;2;130;268,75;1315,2;361,6; 
2;1;43;2;130;268,75;1645,3;401,5; 
2;1;44;2;130;268,75;1035;199,2; 
2;1;45;2;130;268,75;1454,3;1253,5; 
2;1;46;2;130;268,75;1665,2;371; 
2;1;47;2;130;268,75;1491,6;419,7; 
2;1;48;2;130;268,75;1495,8;422,1; 
2;2;0;2;130;268,75;427,6;160,4; 
2;2;1;2;130;268,75;2349,4;572,3; 
2;2;2;2;130;268,75;1490,7;414,1; 
2;2;3;2;130;268,75;1984,7;331,9; 
2;2;4;2;130;268,75;1435;383,9; 
2;2;5;2;130;268,75;2071,2;316,9; 
2;2;6;2;130;268,75;1235,5;652,9; 
2;2;7;2;130;268,75;1286,2;404,1; 
2;2;8;2;130;268,75;1025,8;590,1; 
2;2;9;2;130;268,75;1458,5;178,2; 
2;2;10;2;130;268,75;1258,1;181; 
2;2;11;2;130;268,75;1301,4;363,9; 
2;2;12;2;130;268,75;1160,3;517,1; 
2;2;13;2;130;268,75;1149,5;429,6; 
2;2;14;2;130;268,75;1441,4;412,1; 
2;2;15;2;130;268,75;1205,4;324; 
2;2;16;2;130;268,75;1130,8;395,3; 
2;2;17;2;130;268,75;1062,7;599,6; 
2;2;18;2;130;268,75;851,3;514,6; 
2;2;19;2;130;268,75;567;471; 
2;2;20;2;130;268,75;785;1180,5; 
2;2;21;2;130;268,75;1771,8;8,6; 
2;2;22;2;130;268,75;298,7;1057,7; 
2;2;23;2;130;268,75;1020,8;657,3; 
2;2;24;2;130;268,75;309,9;568; 
2;2;25;2;130;268,75;1276,4;956,4; 
2;2;26;2;130;268,75;1835,3;360,5; 
2;2;27;2;130;268,75;967,5;253,7; 
2;2;28;2;130;268,75;1713,6;211,8; 
2;2;29;2;130;268,75;538,8;255,8; 
2;2;30;2;130;268,75;1042,2;1907; 
2;2;31;2;130;268,75;1176,2;169,7; 
2;2;32;2;130;268,75;1473,2;189,2; 
2;2;33;2;130;268,75;939,3;1550,5; 
2;2;34;2;130;268,75;1072;199,2; 
2;2;35;2;130;268,75;1047,5;204,9; 
2;2;36;2;130;268,75;2813,1;479,7; 
2;2;37;2;130;268,75;722,4;239,7; 
2;2;38;2;130;268,75;2878,1;333,8; 
2;2;39;2;130;268,75;246,5;1600,5; 
2;2;40;2;130;268,75;727,6;322,2; 
2;2;41;2;130;268,75;947,2;539; 
2;2;42;2;130;268,75;1083;551,1; 
2;2;43;2;130;268,75;17,2;133,6; 
2;2;44;2;130;268,75;,7;74,1; 
2;2;45;2;130;268,75;3269,3;664,3; 
2;2;46;2;130;268,75;138,1;1058,5; 
2;2;47;2;130;268,75;507,7;597,9; 
2;2;48;2;130;268,75;552,1;233,7; 
2;2;49;2;130;268,75;1107,9;332,5; 
2;2;50;2;130;268,75;741,1;388,4; 
2;2;51;2;130;268,75;1163,1;409,8; 
2;2;52;2;130;268,75;652,8;513,7; 
2;2;53;2;130;268,75;1096,2;575,8; 
2;2;54;2;130;268,75;1410,6;588,3; 
3;0;0;3;109,564;218,612;2691;401;65
3;0;1;3;109,564;218,612;1118;1126;31
3;0;2;3;109,564;218,612;1849;863;199
3;0;3;3;109,564;218,612;902;506;42
3;0;4;3;109,564;218,612;700;2565;115
3;0;5;3;109,564;218,612;899;649;118
3;0;6;3;109,564;218,612;529;615;191
3;0;7;3;109,564;218,612;155;2817;157
3;0;8;3;109,564;218,612;500;3652;87
3;0;9;3;109,564;218,612;736;525;14
3;0;10;3;109,564;218,612;1220;2612;22
3;0;11;3;109,564;218,612;1509;4499;11
3;0;12;3;109,564;218,612;2405;818;522
3;0;13;3;109,564;218,612;756;2003;31
3;0;14;3;109,564;218,612;1565;890;489
3;0;15;3;109,564;218,612;1155;876;410
3;0;16;3;109,564;218,612;2127;2250;14
3;0;17;3;109,564;218,612;1374;514;6
3;0;18;3;109,564;218,612;961;1255;1385
3;0;19;3;109,564;218,612;1090;702;194
3;0;20;3;109,564;218,612;627;941;739
3;0;21;3;109,564;218,612;1015;452;604
3;0;22;3;109,564;218,612;784;1318;67
3;0;23;3;109,564;218,612;416;239;188
3;0;24;3;109,564;218,612;40;514;1076
3;0;25;3;109,564;218,612;731;885;233
3;0;26;3;109,564;218,612;51;1354;174
3;0;27;3;109,564;218,612;239;652;48
3;0;28;3;109,564;218,612;537;1112;404
3;0;31;3;127,4;254,2;150;958;75
3;0;32;3;127,4;254,2;54,2385;2220,2115;31
3;0;33;3;127,4;254,2;15,4236;1055,7664;36
3;0;34;3;127,4;254,2;62,0015;646,9155;228
3;0;35;3;127,4;254,2;103,404;998,836;3136
3;0;36;3;127,4;254,2;183,622;1156,688;72
3;0;37;3;127,4;254,2;261,251;1663,869;996
3;0;38;3;127,4;254,2;227,612;245,828;41
3;0;39;3;127,4;254,2;261,251;1374,049;8
3;0;40;3;127,4;254,2;7,66064;297,58136;91
3;0;41;3;127,4;254,2;62,0015;111,2695;228
3;0;42;3;127,4;254,2;263,839;1438,741;546
3;0;43;3;127,4;254,2;364,758;1868,292;36
3;0;44;3;127,4;254,2;491,553;608,097;44
3;0;45;3;127,4;254,2;116,342;1524,128;60
3;0;46;3;159,25;317,75;1933;533;65
3;0;47;3;159,25;317,75;212;1932;1824
3;0;48;3;159,25;317,75;102;2916;43
3;0;49;3;159,25;317,75;2162;803;43
3;0;50;3;159,25;317,75;942;1543;43
3;0;51;3;159,25;317,75;517;3413;220
3;0;52;3;159,25;317,75;632;2116;145
3;0;53;3;159,25;317,75;193;1441;203
3;0;54;3;159,25;317,75;726;3559;191
3;0;55;3;159,25;317,75;2330;4322;182
3;0;56;3;159,25;317,75;474;1839;21
3;0;57;3;159,25;317,75;13;1135;73
3;0;58;3;159,25;317,75;110;1138;38
3;0;59;3;159,25;317,75;380;1266;88
3;0;60;3;159,25;317,75;19;837;273
3;0;61;3;159,25;317,75;97;1418;673
3;0;62;3;159,25;317,75;28;1459;17
3;0;63;3;159,25;317,75;162;631;803
3;0;64;3;159,25;317,75;78;971;55
3;0;65;3;159,25;317,75;105;1950;50
3;0;66;3;159,25;317,75;439;889;107
3;0;67;3;159,25;317,75;250;2480;627
3;0;68;3;159,25;317,75;183;1981;111
4;0;7;3;111,75;276,88;728,6;142,3; 
4;0;8;3;111,75;276,88;808,8;53,1; 
4;0;9;3;111,75;276,88;720,9;47,1; 
4;0;10;3;111,75;276,88;601,7;239,3; 
4;0;11;3;111,75;276,88;868,6;92,1; 
4;0;12;3;111,75;276,88;860,3;250; 
4;0;13;3;111,75;276,88;905,1;124,7; 
4;0;14;3;111,75;276,88;959,7;160; 
4;0;15;3;111,75;276,88;1069,8;158,5; 
4;0;16;3;111,75;276,88;837,4;64,8; 
4;0;17;3;111,75;276,88;1214,6;143,6; 
4;0;18;3;111,75;276,88;931,9;102,1; 
4;0;19;3;111,75;276,88;456,7;46; 
4;0;20;3;111,75;276,88;1091,8;49,8; 
4;0;21;3;111,75;276,88;1170,1;63,9; 
4;0;22;3;111,75;276,88;409,9;135,1; 
4;0;23;3;111,75;276,88;2416,2;129,7; 
4;0;24;3;111,75;276,88;10,3;150,4; 
4;0;0;1;111,75;276,88;0;679,7; 
4;0;1;1;111,75;276,88;0;457,6; 
4;0;2;1;111,75;276,88;0;964,3; 
4;0;3;1;111,75;276,88;0;422,6; 
4;0;4;1;111,75;276,88;0;200,7; 
4;0;5;1;111,75;276,88;0;268,5; 
4;0;6;1;111,75;276,88;0;321,3; 
4;0;25;1;111,75;276,88;0;621,5; 
4;0;26;1;111,75;276,88;0;839,1; 
4;0;27;1;111,75;276,88;0;1028,9; 
4;0;28;1;111,75;276,88;0;1060,4; 
4;0;29;1;111,75;276,88;0;2179,1; 
4;0;30;1;111,75;276,88;0;81; 
4;0;31;1;111,75;276,88;0;1179,9; 
4;0;32;1;111,75;276,88;0;1277,9; 
4;0;33;1;111,75;276,88;0;1802,7; 
4;0;34;1;111,75;276,88;0;561,5; 
4;0;35;1;111,75;276,88;0;1066,6; 
4;0;36;1;111,75;276,88;0;1196,2; 
4;0;37;1;111,75;276,88;0;771,6; 
4;0;38;1;111,75;276,88;0;1026,6; 
4;0;39;1;111,75;276,88;0;505,7; 
4;0;40;1;111,75;276,88;0;917,7; 
4;0;41;1;111,75;276,88;0;1223,2; 
4;0;42;1;111,75;276,88;0;1263,4; 
4;0;43;1;111,75;276,88;0;1141,4; 
4;0;44;1;111,75;276,88;0;1634,5; 
4;0;45;1;111,75;276,88;0;920,8; 
4;0;46;1;111,75;276,88;0;1063,7; 
4;0;47;1;111,75;276,88;0;714,2; 
4;0;48;1;111,75;276,88;0;399,9; 
4;0;49;1;111,75;276,88;0;939,6; 
4;0;50;1;111,75;276,88;0;466,1; 
4;0;51;1;111,75;276,88;0;446,8; 
4;0;52;1;111,75;276,88;0;777,7; 
